<?xml version="1.0" encoding="UTF-8"?>
<window>
	<!-- movieinformation -->
	<defaultcontrol always="true">8</defaultcontrol>
	<onload>Control.Move(5000,$INFO[Container(5000).CurrentItem,-])</onload>
	<onload>Control.Move(5000,1)</onload>
	<onload>Control.Move(50,$INFO[Container(50).CurrentItem,-])</onload>
	<onload>Control.Move(50,1)</onload>
	<onload condition="!IsEmpty(Container(50).ListItemNoWrap(0).Label)">SetProperty(Actor1,$INFO[Container(50).ListItemNoWrap(0).Label],home)</onload>
	<onload condition="!IsEmpty(Container(50).ListItemNoWrap(1).Label)">SetProperty(Actor2,$INFO[Container(50).ListItemNoWrap(1).Label],home)</onload>
	<onload condition="!IsEmpty(Container(50).ListItemNoWrap(2).Label)">SetProperty(Actor3,$INFO[Container(50).ListItemNoWrap(2).Label],home)</onload>
	<onload condition="System.HasAddon(script.tvtunes)">RunScript(script.tvtunes,backend=True)</onload>
	<onunload>ClearProperty(Similar,home)</onunload>
	<onunload>SetFocus(50)</onunload>
	<animation effect="fade" end="100" start="100" time="200">WindowClose</animation>
	<controls>
		<!-- Hidden Plot -->
		<control type="textbox">
			<left>-1200</left>
			<width>1192</width>
			<height>122</height>
			<align>left</align>
			<font>Light30Spaced</font>
			<pagecontrol>96</pagecontrol>
			<autoscroll>false</autoscroll>
			<textcolor>ffbbbbbb</textcolor>
			<label>$VAR[Plot]</label>
		</control>
		<!-- Hidden scrollbar -->
		<control id="96" type="scrollbar">
			<left>-1200</left>
			<width>1192</width>
			<height>122</height>
			<showonepage>false</showonepage>
			<orientation>vertical</orientation>
		</control>
		<!-- Background -->
		<include>BackgroundImage</include>
		<!-- Fanart -->
		<control type="group">
			<control type="image">
				<include>FullscreenDimensions</include>
				<colordiffuse>26ffffff</colordiffuse>
				<texture background="true">$VAR[Fanart]</texture>
			</control>
			<include>DialogVideoInfoAnimation</include>
		</control>
		<control type="group">
			<left>90</left>
			<top>99</top>
			<include>DialogVideoInfoAnimation</include>
			<animation effect="fade" end="100" start="0" time="200">WindowOpen</animation>
			<!-- Icon -->
			<control type="image">
				<width>320</width>
				<height>480</height>
				<texture>$VAR[VideoInfoImage]</texture>
				<aspectratio aligny="center">scale</aspectratio>
			</control>
			<control type="image">
				<width>90</width>
				<height>90</height>
				<texture>views/OverlayHD.png</texture>
				<visible>IntegerGreaterThan(ListItem.VideoResolution,719)</visible>
			</control>
			<control type="image">
				<width>90</width>
				<height>90</height>
				<texture>views/OverlayWatched.png</texture>
				<visible>IntegerGreaterThan(ListItem.PlayCount,0)</visible>
			</control>
			<control type="image">
				<top>240</top>
				<width>320</width>
				<height>240</height>
				<texture border="2">views/season_overlay.png</texture>
				<visible>ListItem.IsResumable</visible>
			</control>
			<control type="label">
				<left>16</left>
				<top>436</top>
				<width>604</width>
				<height>28</height>
				<font>Med20</font>
				<textcolor>ffbcbcbc</textcolor>
				<label>$INFO[Window(home).Property(PercentRemaining)]</label>
				<visible>ListItem.IsResumable</visible>
			</control>
			<control type="progress">
				<top>480</top>
				<width>320</width>
				<height>8</height>
				<info>ListItem.PercentPlayed</info>
				<texturebg border="2">views/ProgressBack.png</texturebg>
				<lefttexture>-</lefttexture>
				<midtexture border="2">views/ProgressBar.png</midtexture>
				<righttexture>-</righttexture>
				<overlaytexture>-</overlaytexture>
				<visible>ListItem.IsResumable</visible>
			</control>
			<control type="image">
				<top>480</top>
				<width>320</width>
				<height>8</height>
				<texture border="2">views/ProgressBar.png</texture>
				<visible>IntegerGreaterThan(ListItem.PlayCount,0) + !ListItem.IsResumable</visible>
			</control>
			<control id="7000" type="button">
				<top>518</top>
				<width>480</width>
				<height>35</height>
				<onup condition="!Control.IsVisible(96)">Close</onup>
				<onup condition="Control.IsVisible(96)">3002</onup>
				<ondown>7001</ondown>
				<onleft>Close</onleft>
				<onright>50</onright>
				<onfocus>ClearProperty(Similar,home)</onfocus>
				<font>Light35</font>
				<textcolor>ffdadada</textcolor>
				<focusedcolor>ffffc24b</focusedcolor>
				<label>$LOCALIZE[31026]</label>
				<include>NoTextures</include>
				<animation condition="!IsEmpty(Window(home).Property(Similar))" effect="fade" end="50" start="100" time="0">Conditional</animation>
			</control>
			<control id="7001" type="button">
				<top>573</top>
				<width>480</width>
				<height>35</height>
				<onup>7000</onup>
				<ondown>noop</ondown>
				<onleft>Close</onleft>
				<onright condition="!IsEmpty(Container(5000).ListItem.Label)">5000</onright>
				<onright condition="IsEmpty(Container(5000).ListItem.Label)">9001</onright>
				<onfocus>SetProperty(Similar,1,home)</onfocus>
				<font>Light35</font>
				<textcolor>ffdadada</textcolor>
				<focusedcolor>ffffc24b</focusedcolor>
				<label>$LOCALIZE[31070]</label>
				<include>NoTextures</include>
				<animation condition="IsEmpty(Window(home).Property(Similar))" effect="fade" end="50" start="100" time="0">Conditional</animation>
			</control>
		</control>
		<control type="group">
			<left>510</left>
			<top>99</top>
			<animation effect="fade" end="100" start="0" time="200" delay="400">WindowOpen</animation>
			<!-- Heading -->
			<control type="label">
				<top>-7</top>
				<width>1170</width>
				<height>48</height>
				<font>Med48</font>
				<scroll>true</scroll>
				<textcolor>ffdadada</textcolor>
				<scrollspeed>100</scrollspeed>
				<label>$VAR[VideoInfoLabel]</label>
				<include>DialogVideoInfoAnimation</include>
			</control>
			<!-- Year / Runtime / Rating -->
			<control type="grouplist">
				<top>60</top>
				<height>32</height>
				<itemgap>22</itemgap>
				<orientation>horizontal</orientation>
				<usecontrolcoords>true</usecontrolcoords>
				<visible>!Control.HasFocus(50) + !Control.HasFocus(5000)</visible>
				<animation effect="fade" end="0" start="100" time="0">Hidden</animation>
				<animation delay="200" effect="fade" end="100" start="0" time="80">Visible</animation>
				<control type="label">
					<top>-6</top>
					<width>auto</width>
					<height>32</height>
					<font>Light32</font>
					<aligny>bottom</aligny>
					<textcolor>ffbebebe</textcolor>
					<label>$INFO[ListItem.Year]</label>
					<visible>!IsEmpty(ListItem.Year)</visible>
				</control>
				<control type="label">
					<top>-6</top>
					<width>auto</width>
					<height>32</height>
					<font>Light32</font>
					<aligny>bottom</aligny>
					<textcolor>ffbebebe</textcolor>
					<label>$VAR[Duration] </label>
					<visible>!IsEmpty(ListItem.Duration)</visible>
				</control>
				<control type="image">
					<top>3</top>
					<width>35</width>
					<height>23</height>
					<colordiffuse>ffdadada</colordiffuse>
					<texture>rating/cc.png</texture>
					<visible>!IsEmpty(ListItem.SubtitleLanguage)</visible>
				</control>
				<include>Rating_TV</include>
				<include condition="IsEmpty(Skin.String(RatingCountry)) | Stringcompare(Skin.String(RatingCountry),US)">Rating_MPAA</include>
				<include condition="Stringcompare(Skin.String(RatingCountry),UK)">Rating_BBFC</include>
				<include condition="Stringcompare(Skin.String(RatingCountry),Germany)">Rating_FSK</include>
			</control>
			<!-- Star rating / Votes / Rating -->
			<control type="grouplist">
				<top>100</top>
				<height>36</height>
				<itemgap>10</itemgap>
				<orientation>horizontal</orientation>
				<usecontrolcoords>true</usecontrolcoords>
				<visible>!Control.HasFocus(50) + !Control.HasFocus(5000)</visible>
				<animation effect="fade" end="0" start="100" time="0">Hidden</animation>
				<animation delay="200" effect="fade" end="100" start="0" time="80">Visible</animation>
				<control type="image">
					<top>2</top>
					<width>137</width>
					<height>24</height>
					<texture>$VAR[StarRating]</texture>
					<visible>!IsEmpty(ListItem.Rating)</visible>
				</control>
				<control type="image">
					<top>2</top>
					<width>137</width>
					<height>24</height>
					<texture>$VAR[SeasonStarRating]</texture>
					<visible>!IsEmpty(Window(home).Property(TVShowRating)) + IsEmpty(ListItem.Rating)</visible>
				</control>
				<control type="label">
					<top>-4</top>
					<width>auto</width>
					<height>24</height>
					<font>Med30</font>
					<aligny>bottom</aligny>
					<textcolor>ff717171</textcolor>
					<label>$INFO[ListItem.Votes,(,) ]</label>
					<visible>!IsEmpty(ListItem.Votes) + IntegerGreaterThan(ListItem.Votes,0)</visible>
				</control>
				<control type="image">
					<top>4</top>
					<width>48</width>
					<height>23</height>
					<texture>views/imdb.png</texture>
					<visible>!IsEmpty(ListItem.Rating) + !Container.Content(tvshows)</visible>
				</control>
				<control type="image">
					<top>3</top>
					<width>47</width>
					<height>23</height>
					<texture>views/tvdb.png</texture>
					<visible>!IsEmpty(ListItem.Rating) + Container.Content(tvshows)</visible>
				</control>
				<control type="label">
					<top>-13</top>
					<width>auto</width>
					<height>34</height>
					<font>Bold30</font>
					<aligny>bottom</aligny>
					<textcolor>ffbcbcbc</textcolor>
					<label>$INFO[ListItem.Rating,,/10]</label>
					<visible>!IsEmpty(ListItem.Rating)</visible>
				</control>
			</control>
			<control type="grouplist">
				<top>156</top>
				<width>2800</width>
				<height>1400</height>
				<itemgap>0</itemgap>
				<ondown>8</ondown>
				<orientation>vertical</orientation>
				<usecontrolcoords>true</usecontrolcoords>
				<animation condition="Control.HasFocus(50) | Control.HasFocus(5000)" effect="slide" end="0,-91" start="0,0" time="200">Conditional</animation>
				<!-- Plot -->
				<control type="textbox">
					<width>1192</width>
					<height max="122">auto</height>
					<align>left</align>
					<font>Light30Spaced</font>
					<autoscroll>false</autoscroll>
					<textcolor>ffbbbbbb</textcolor>
					<label>$VAR[Plot]</label>
					<include>DialogVideoInfoAnimation</include>
					<visible>!IsEmpty(ListItem.Plot) | !IsEmpty(ListItem.PlotOutline)</visible>
				</control>
				<control id="3003" type="button">
					<onfocus>Close</onfocus>
					<visible allowhiddenfocus="true">false</visible>
				</control>
				<!-- More button -->
				<control id="3002" type="button">
					<left>1194</left>
					<top>-34</top>
					<width>37</width>
					<height>23</height>
					<onleft>7000</onleft>
					<onright>8</onright>
					<onclick>SetFocus(4000)</onclick>
					<include>DialogVideoInfoAnimation</include>
					<texturefocus>views/more_fo.png</texturefocus>
					<texturenofocus>views/more_nf.png</texturenofocus>
					<visible>Control.IsVisible(96)</visible>
				</control>
			</control>
			<!-- Starring -->
			<control type="grouplist">
				<top>297</top>
				<height>36</height>
				<itemgap>20</itemgap>
				<include>DialogVideoInfoAnimation</include>
				<orientation>horizontal</orientation>
				<usecontrolcoords>true</usecontrolcoords>
				<visible>!IsEmpty(ListItem.Cast)</visible>
				<animation condition="Control.HasFocus(50) | Control.HasFocus(5000)" effect="fade" end="0" start="100" time="0">Conditional</animation>
				<animation condition="!Control.HasFocus(50) + !Control.HasFocus(5000)" delay="200" effect="fade" end="100" start="0" time="80">Conditional</animation>
				<control type="label">
					<width>auto</width>
					<height>24</height>
					<font>Med30</font>
					<aligny>bottom</aligny>
					<textcolor>ff717171</textcolor>
					<label>$LOCALIZE[31071]:</label>
				</control>
				<control type="label">
					<top>-1</top>
					<width max="1024">auto</width>
					<height>24</height>
					<font>Light30Spaced</font>
					<aligny>bottom</aligny>
					<textcolor>ffbcbcbc</textcolor>
					<label>$VAR[CastList]</label>
				</control>
			</control>
			<!-- Director -->
			<control type="grouplist">
				<top>339</top>
				<width>1192</width>
				<height>36</height>
				<itemgap>20</itemgap>
				<include>DialogVideoInfoAnimation</include>
				<orientation>horizontal</orientation>
				<usecontrolcoords>true</usecontrolcoords>
				<visible>!IsEmpty(ListItem.Director)</visible>
				<animation condition="Control.HasFocus(50) | Control.HasFocus(5000)" effect="fade" end="0" start="100" time="0">Conditional</animation>
				<animation condition="!Control.HasFocus(50) + !Control.HasFocus(5000)" delay="200" effect="fade" end="100" start="0" time="80">Conditional</animation>
				<control type="label">
					<width>auto</width>
					<height>24</height>
					<font>Med30</font>
					<aligny>bottom</aligny>
					<textcolor>ff717171</textcolor>
					<label>$LOCALIZE[31072]:</label>
				</control>
				<control type="label">
					<top>-1</top>
					<width>auto</width>
					<height>24</height>
					<font>Light30Spaced</font>
					<aligny>bottom</aligny>
					<textcolor>ffbcbcbc</textcolor>
					<label>$INFO[ListItem.Director]</label>
				</control>
			</control>
			<!-- Next Airs -->
			<control type="grouplist">
				<top>339</top>
				<width>1192</width>
				<height>36</height>
				<itemgap>20</itemgap>
				<include>DialogVideoInfoAnimation</include>
				<orientation>horizontal</orientation>
				<usecontrolcoords>true</usecontrolcoords>
				<visible>IsEmpty(ListItem.Director) + Container.Content(tvshows) + !IsEmpty(Window(Home).Property(NextAired.NextDay))</visible>
				<animation condition="Control.HasFocus(50) | Control.HasFocus(5000)" effect="fade" end="0" start="100" time="0">Conditional</animation>
				<animation condition="!Control.HasFocus(50) + !Control.HasFocus(5000)" delay="200" effect="fade" end="100" start="0" time="80">Conditional</animation>
				<control type="label">
					<width>auto</width>
					<height>24</height>
					<font>Med30</font>
					<aligny>bottom</aligny>
					<textcolor>ff717171</textcolor>
					<label>$LOCALIZE[31073]:</label>
				</control>
				<control type="label">
					<top>-1</top>
					<width>auto</width>
					<height>24</height>
					<font>Light30Spaced</font>
					<aligny>bottom</aligny>
					<textcolor>ffbcbcbc</textcolor>
					<label>$INFO[Window(Home).Property(NextAired.NextDay)]</label>
				</control>
			</control>
			<!-- Button grouplist -->
			<control id="9000" type="grouplist">
				<left>-2</left>
				<top>409</top>
				<width>1620</width>
				<height>116</height>
				<itemgap>10</itemgap>
				<onleft>7000</onleft>
				<onright>noop</onright>
				<orientation>horizontal</orientation>
				<include>DialogVideoInfoAnimation</include>
				<defaultcontrol always="true">9001</defaultcontrol>
				<animation condition="Control.HasFocus(50) | Control.HasFocus(5000)" effect="slide" end="0,-192" start="0,0" time="200">Conditional</animation>
				<!-- Dummy to always set focus to first visible button -->
				<control id="9001" type="button">
					<width>-10</width>
					<height>0</height>
					<label>-</label>
					<onfocus>Right</onfocus>
					<include>NoTextures</include>
					<visible>!Control.HasFocus(8) + !Control.HasFocus(6) + !Control.HasFocus(10) + !Control.HasFocus(20) + !Control.HasFocus(21)</visible>
				</control>
				<!-- Play/Browse Button -->
				<control id="8" type="togglebutton">
					<include condition="SubString(System.Language,English)">Width174</include>
					<include condition="!SubString(System.Language,English)">WidthInfoDefault</include>
					<height>116</height>
					<onup condition="!Control.IsVisible(96)">Close</onup>
					<onup condition="Control.IsVisible(96)">3002</onup>
					<ondown condition="Control.IsVisible(5000)">5000</ondown>
					<ondown condition="Control.IsVisible(50)">50</ondown>
					<font>Med24</font>
					<label>$VAR[VideoInfoButton8]</label>
					<altlabel>$LOCALIZE[31074]</altlabel>
					<usealttexture>Container.Content(TVShows)</usealttexture>
					<textoffsetx>20</textoffsetx>
					<textcolor>ffdadada</textcolor>
					<focusedcolor>ff222222</focusedcolor>
					<texturefocus border="3,5,6,8">views/button_fo.png</texturefocus>
					<texturenofocus border="3,3,6,6">views/button_nf.png</texturenofocus>
					<alttexturefocus border="3,5,6,8">views/button_fo.png</alttexturefocus>
					<alttexturenofocus border="3,3,6,6">views/button_nf.png</alttexturenofocus>
				</control>
				<control id="1003" type="button">
					<include condition="SubString(System.Language,English)">Width134</include>
					<include condition="!SubString(System.Language,English)">WidthInfoDefault</include>
					<height>116</height>
					<onup condition="!Control.IsVisible(96)">Close</onup>
					<onup condition="Control.IsVisible(96)">3002</onup>
					<ondown condition="Control.IsVisible(5000)">5000</ondown>
					<ondown condition="Control.IsVisible(50)">50</ondown>
					<onclick condition="Player.HasMedia">PlayerControl(stop)</onclick>
					<onclick>PlayMedia($INFO[ListItem.Trailer])</onclick>
					<font>Med24</font>
					<label>$LOCALIZE[31075]</label>
					<textoffsetx>20</textoffsetx>
					<textcolor>ffdadada</textcolor>
					<focusedcolor>ff222222</focusedcolor>
					<visible>!IsEmpty(ListItem.Trailer)</visible>
					<texturefocus border="3,5,6,8">views/button_fo.png</texturefocus>
					<texturenofocus border="3,3,6,6">views/button_nf.png</texturenofocus>
				</control>
				<!-- Refresh Button -->
				<control id="6" type="button">
					<include condition="SubString(System.Language,English)">Width134</include>
					<include condition="!SubString(System.Language,English)">WidthInfoDefault</include>
					<height>116</height>
					<onup condition="!Control.IsVisible(96)">Close</onup>
					<onup condition="Control.IsVisible(96)">3002</onup>
					<ondown condition="Control.IsVisible(5000)">5000</ondown>
					<ondown condition="Control.IsVisible(50)">50</ondown>
					<font>Med24</font>
					<label>184</label>
					<textoffsetx>20</textoffsetx>
					<textcolor>ffdadada</textcolor>
					<focusedcolor>ff222222</focusedcolor>
					<visible>Control.IsEnabled(6)</visible>
					<texturefocus border="3,5,6,8">views/button_fo.png</texturefocus>
					<texturenofocus border="3,3,6,6">views/button_nf.png</texturenofocus>
				</control>
				<!-- Get Thumb Button -->
				<control id="10" type="button">
					<include condition="SubString(System.Language,English)">Width174</include>
					<include condition="!SubString(System.Language,English)">WidthInfoDefault</include>
					<height>116</height>
					<onup condition="!Control.IsVisible(96)">Close</onup>
					<onup condition="Control.IsVisible(96)">3002</onup>
					<ondown condition="Control.IsVisible(5000)">5000</ondown>
					<ondown condition="Control.IsVisible(50)">50</ondown>
					<font>Med24</font>
					<label>31165</label>
					<textoffsetx>20</textoffsetx>
					<textcolor>ffdadada</textcolor>
					<focusedcolor>ff222222</focusedcolor>
					<visible>Control.IsEnabled(10)</visible>
					<texturefocus border="3,5,6,8">views/button_fo.png</texturefocus>
					<texturenofocus border="3,3,6,6">views/button_nf.png</texturenofocus>
				</control>
				<!-- Artwork Downloader Button -->
				<control id="20" type="button">
					<include condition="SubString(System.Language,English)">Width184</include>
					<include condition="!SubString(System.Language,English)">WidthInfoDefault</include>
					<height>116</height>
					<onup condition="!Control.IsVisible(96)">Close</onup>
					<onup condition="Control.IsVisible(96)">3002</onup>
					<ondown condition="Control.IsVisible(5000)">5000</ondown>
					<ondown condition="Control.IsVisible(50)">50</ondown>
					<onclick condition="Container.Content(tvshows)">RunScript(script.artwork.downloader, mode=gui, mediatype=tvshow, dbid=$INFO[ListItem.DBID])</onclick>
					<onclick condition="Container.Content(movies)">RunScript(script.artwork.downloader, mode=gui, mediatype=movie, dbid=$INFO[ListItem.DBID])</onclick>
					<font>Med24</font>
					<label>31103</label>
					<textoffsetx>20</textoffsetx>
					<textcolor>ffdadada</textcolor>
					<focusedcolor>ff222222</focusedcolor>
					<texturefocus border="3,5,6,8">views/button_fo.png</texturefocus>
					<texturenofocus border="3,3,6,6">views/button_nf.png</texturenofocus>
					<visible>System.HasAddon(script.artwork.downloader) + [Container.Content(movies) | Container.Content(tvshows)]</visible>
				</control>
				<!-- Cinema Experience Button -->
				<control id="21" type="button">
					<include condition="SubString(System.Language,English)">Width174</include>
					<include condition="!SubString(System.Language,English)">WidthInfoDefault</include>
					<height>116</height>
					<onup condition="!Control.IsVisible(96)">Close</onup>
					<onup condition="Control.IsVisible(96)">3002</onup>
					<ondown condition="Control.IsVisible(5000)">5000</ondown>
					<ondown condition="Control.IsVisible(50)">50</ondown>
					<onclick>Dialog.Close(MovieInformation)</onclick>
					<onclick>RunScript(script.cinema.experience,movieid=$INFO[ListItem.DBID])</onclick>
					<font>Med24</font>
					<label>31104</label>
					<textoffsetx>20</textoffsetx>
					<textcolor>ffdadada</textcolor>
					<focusedcolor>ff222222</focusedcolor>
					<texturefocus border="3,5,6,8">views/button_fo.png</texturefocus>
					<texturenofocus border="3,3,6,6">views/button_nf.png</texturenofocus>
					<visible>System.HasAddon(script.cinema.experience) + Container.Content(movies)</visible>
				</control>
			</control>
		</control>
		<control type="group">
			<left>-67</left>
			<top>686</top>
			<animation effect="fade" end="100" start="0" time="200" delay="800">WindowOpen</animation>
			<!-- Cast label -->
			<control type="label">
				<left>575</left>
				<width>1000</width>
				<height>32</height>
				<font>Med32</font>
				<textcolor>ff717171</textcolor>
				<label>$LOCALIZE[31076]</label>
				<visible>IsEmpty(Window(home).Property(Similar)) + !IsEmpty(Container(50).ListItem.Label) + !Control.HasFocus(50)</visible>
				<animation delay="400" effect="fade" end="100" start="0" time="200">Visible</animation>
				<animation effect="fade" end="0" start="100" time="0">Hidden</animation>
			</control>
			<!-- Cast -->
			<control id="50" type="fixedlist">
				<left>-25</left>
				<top>-271</top>
				<width>2600</width>
				<height>576</height>
				<onup>9001</onup>
				<ondown>Back</ondown>
				<ondown>RunScript(script.extendedinfo,info=extendedactorinfo,name=$INFO[Container(50).ListItem.Label])</ondown>
				<onleft>7000</onleft>
				<onright>noop</onright>
				<onright condition="!Window.IsVisible(1103)">SetProperty(BounceRight,1,Home)</onright>
				<onback>9001</onback>
				<preloaditems>2</preloaditems>
				<focusposition>2</focusposition>
				<viewtype label="">list</viewtype>
				<orientation>horizontal</orientation>
				<scrolltime easing="inout" tween="sine">300</scrolltime>
				<visible>IsEmpty(Window(home).Property(Similar))</visible>
				<animation condition="Window.IsVisible(1103)" reversible="false" type="Conditional">
					<effect easing="out" end="-20,0" start="0,0" time="60" tween="sine" type="slide" />
					<effect delay="80" easing="out" end="20,0" start="0,0" time="120" tween="sine" type="slide" />
				</animation>
				<animation effect="fade" end="100" start="0" time="300">Visible</animation>
				<animation effect="fade" end="0" start="100" time="300">Hidden</animation>
				<animation center="480,1022" condition="!Control.HasFocus(50)" easing="inout" effect="zoom" end="81" start="100" time="300" tween="sine">Conditional</animation>
				<itemlayout height="576" width="300">
					<control type="group">
						<visible>Control.HasFocus(50)</visible>
						<animation center="150,288" condition="true" effect="zoom" end="85" start="85">Conditional</animation>
						<control type="image">
							<top>48</top>
							<width>320</width>
							<height>480</height>
							<aspectratio align="center">scale</aspectratio>
							<texture background="true">$INFO[ListItem.Icon]</texture>
						</control>
						<control type="image">
							<left>-48</left>
							<centertop>288</centertop>
							<width>416</width>
							<height>576</height>
							<texture border="66,66,51,51">views/shadow_nf.png</texture>
						</control>
						<control type="image">
							<top>48</top>
							<width>320</width>
							<height>480</height>
							<texture border="2">views/season_overlay.png</texture>
							<visible>!SubString(ListItem.Icon,Default)</visible>
						</control>
						<control type="label">
							<left>18</left>
							<top>412</top>
							<width>290</width>
							<height>42</height>
							<font>Bold42</font>
							<textcolor>ffffffff</textcolor>
							<shadowcolor>80000000</shadowcolor>
							<label>$INFO[ListItem.Label]</label>
						</control>
						<control type="label">
							<left>18</left>
							<top>463</top>
							<width>290</width>
							<height>28</height>
							<font>Med28</font>
							<scroll>false</scroll>
							<textcolor>ffffffff</textcolor>
							<shadowcolor>80000000</shadowcolor>
							<label>$INFO[ListItem.Label2,$LOCALIZE[20347] ,]</label>
						</control>
						<control type="image">
							<top>48</top>
							<width>320</width>
							<height>480</height>
							<texture>views/OverlayNF.png</texture>
							<visible>Control.HasFocus(50)</visible>
							<animation center="auto" easing="inout" effect="fade" end="100" start="0" time="300" tween="sine">VisibleChange</animation>
						</control>
					</control>
				</itemlayout>
				<focusedlayout height="576" width="300">
					<control type="group">
						<animation center="150,288" condition="Control.HasFocus(50) + [Container(50).OnNext | Container(50).OnPrevious]" easing="inout" effect="zoom" end="100" start="85" time="300" tween="sine">Focus</animation>
						<animation center="150,288" condition="Control.HasFocus(50) + [Container(50).OnNext | Container(50).OnPrevious]" easing="inout" effect="zoom" end="85" start="100" time="300" tween="sine">UnFocus</animation>
						<animation center="150,288" condition="!Control.HasFocus(50)" easing="inout" effect="zoom" end="85" start="100" time="300" tween="sine">Conditional</animation>
						<control type="image">
							<top>48</top>
							<width>320</width>
							<height>480</height>
							<aspectratio align="center">scale</aspectratio>
							<texture background="true">$INFO[ListItem.Icon]</texture>
						</control>
						<control type="image">
							<left>-48</left>
							<centertop>288</centertop>
							<width>416</width>
							<height>576</height>
							<texture border="51">views/shadow_fo.png</texture>
							<animation center="auto" condition="Control.HasFocus(50) | Container(50).OnNext | Container(50).OnPrevious" easing="inout" effect="fade" end="100" start="0" time="300" tween="sine">Focus</animation>
							<animation center="auto" condition="Container(50).OnNext | Container(50).OnPrevious" easing="inout" effect="fade" end="0" start="100" time="300" tween="sine">UnFocus</animation>
						</control>
						<control type="image">
							<left>-48</left>
							<centertop>288</centertop>
							<width>416</width>
							<height>576</height>
							<texture border="66,66,51,51">views/shadow_nf.png</texture>
							<animation center="auto" condition="Control.HasFocus(50)" easing="inout" effect="fade" end="0" start="100" time="300" tween="sine">Focus</animation>
							<animation center="auto" condition="Control.HasFocus(50)" easing="inout" effect="fade" end="100" start="0" time="300" tween="sine">UnFocus</animation>
						</control>
						<control type="image">
							<top>48</top>
							<width>320</width>
							<height>480</height>
							<texture border="2">views/season_overlay.png</texture>
							<visible>!SubString(ListItem.Icon,Default)</visible>
							<animation center="auto" condition="Control.HasFocus(50)" easing="inout" effect="fade" end="0" start="100" time="300" tween="sine">Focus</animation>
							<animation center="auto" condition="Control.HasFocus(50)" easing="inout" effect="fade" end="100" start="0" time="300" tween="sine">UnFocus</animation>
						</control>
						<control type="label">
							<left>18</left>
							<top>412</top>
							<width>290</width>
							<height>42</height>
							<font>Bold42</font>
							<scroll>false</scroll>
							<textcolor>ffffffff</textcolor>
							<shadowcolor>80000000</shadowcolor>
							<label>$INFO[ListItem.Label]</label>
							<animation center="auto" condition="Control.HasFocus(50)" easing="inout" effect="fade" end="0" start="100" time="300" tween="sine">Focus</animation>
							<animation center="auto" condition="Control.HasFocus(50)" easing="inout" effect="fade" end="100" start="0" time="300" tween="sine">UnFocus</animation>
						</control>
						<control type="label">
							<left>18</left>
							<top>463</top>
							<width>290</width>
							<height>28</height>
							<font>Med28</font>
							<scroll>false</scroll>
							<textcolor>ffffffff</textcolor>
							<shadowcolor>80000000</shadowcolor>
							<label>$INFO[ListItem.Label2,$LOCALIZE[20347] ,]</label>
							<animation center="auto" condition="Control.HasFocus(50)" easing="inout" effect="fade" end="0" start="100" time="300" tween="sine">Focus</animation>
							<animation center="auto" condition="Control.HasFocus(50)" easing="inout" effect="fade" end="100" start="0" time="300" tween="sine">UnFocus</animation>
						</control>
						<control type="image">
							<top>48</top>
							<width>320</width>
							<height>480</height>
							<texture>views/OverlayNF.png</texture>
							<visible>Control.HasFocus(50)</visible>
							<animation center="auto" condition="Control.HasFocus(50)" easing="inout" effect="fade" end="0" start="100" time="300" tween="sine">Focus</animation>
							<animation center="auto" condition="Control.HasFocus(50)" easing="inout" effect="fade" end="100" start="0" time="300" tween="sine">UnFocus</animation>
						</control>
					</control>
				</focusedlayout>
			</control>
			<control type="group">
				<left>1030</left>
				<top>-319</top>
				<visible>IsEmpty(Window(home).Property(Similar)) + !Control.HasFocus(50) + !IsEmpty(Container(50).ListItem.Label)</visible>
				<animation center="480,1022" condition="!Control.HasFocus(50)" easing="inout" effect="zoom" end="81" start="100" time="300" tween="sine">Conditional</animation>
				<animation center="150,288" condition="true" effect="zoom" end="85" start="85">Conditional</animation>
				<control type="group">
					<visible>!IsEmpty(Container(50).ListItemNoWrap(1).Label)</visible>
					<control type="image">
						<top>48</top>
						<width>320</width>
						<height>480</height>
						<aspectratio align="center">scale</aspectratio>
						<texture background="true" fallback="views/movie_fallback.png">$INFO[Container(50).ListItemNoWrap(1).Icon]</texture>
					</control>
					<control type="image">
						<left>-48</left>
						<centertop>288</centertop>
						<width>416</width>
						<height>576</height>
						<texture border="66,66,51,51">views/shadow_nf.png</texture>
					</control>
					<control type="image">
						<top>48</top>
						<width>320</width>
						<height>480</height>
						<texture border="2">views/season_overlay.png</texture>
						<visible>!SubString(ListItem.Icon,Default)</visible>
					</control>
					<control type="label">
						<left>18</left>
						<top>412</top>
						<width>290</width>
						<height>42</height>
						<font>Bold42</font>
						<textcolor>ffffffff</textcolor>
						<shadowcolor>80000000</shadowcolor>
						<label>$INFO[Container(50).ListItemNoWrap(1).Label]</label>
					</control>
					<control type="label">
						<left>18</left>
						<top>463</top>
						<width>290</width>
						<height>28</height>
						<font>Med28</font>
						<scroll>false</scroll>
						<textcolor>ffffffff</textcolor>
						<shadowcolor>80000000</shadowcolor>
						<label>$INFO[Container(50).ListItemNoWrap(1).Label2,$LOCALIZE[20347] ,]</label>
					</control>
				</control>
				<control type="group">
					<left>352</left>
					<visible>!IsEmpty(Container(50).ListItemNoWrap(2).Label)</visible>
					<control type="image">
						<top>48</top>
						<width>320</width>
						<height>480</height>
						<aspectratio align="center">scale</aspectratio>
						<texture background="true" fallback="views/movie_fallback.png">$INFO[Container(50).ListItemNoWrap(2).Icon]</texture>
					</control>
					<control type="image">
						<left>-48</left>
						<centertop>288</centertop>
						<width>416</width>
						<height>576</height>
						<texture border="66,66,51,51">views/shadow_nf.png</texture>
					</control>
					<control type="image">
						<top>48</top>
						<width>320</width>
						<height>480</height>
						<texture border="2">views/season_overlay.png</texture>
						<visible>!SubString(ListItem.Icon,Default)</visible>
					</control>
					<control type="label">
						<left>18</left>
						<top>412</top>
						<width>290</width>
						<height>42</height>
						<font>Bold42</font>
						<textcolor>ffffffff</textcolor>
						<shadowcolor>80000000</shadowcolor>
						<label>$INFO[Container(50).ListItemNoWrap(2).Label]</label>
					</control>
					<control type="label">
						<left>18</left>
						<top>463</top>
						<width>290</width>
						<height>28</height>
						<font>Med28</font>
						<scroll>false</scroll>
						<textcolor>ffffffff</textcolor>
						<shadowcolor>80000000</shadowcolor>
						<label>$INFO[Container(50).ListItemNoWrap(2).Label2,$LOCALIZE[20347] ,]</label>
					</control>
				</control>
				<control type="group">
					<left>705</left>
					<visible>!IsEmpty(Container(50).ListItemNoWrap(3).Label)</visible>
					<control type="image">
						<top>48</top>
						<width>320</width>
						<height>480</height>
						<aspectratio align="center">scale</aspectratio>
						<texture background="true" fallback="views/movie_fallback.png">$INFO[Container(50).ListItemNoWrap(3).Icon]</texture>
					</control>
					<control type="image">
						<left>-48</left>
						<centertop>288</centertop>
						<width>416</width>
						<height>576</height>
						<texture border="66,66,51,51">views/shadow_nf.png</texture>
					</control>
					<control type="image">
						<top>48</top>
						<width>320</width>
						<height>480</height>
						<texture border="2">views/season_overlay.png</texture>
						<visible>!SubString(ListItem.Icon,Default)</visible>
					</control>
					<control type="label">
						<left>18</left>
						<top>412</top>
						<width>290</width>
						<height>42</height>
						<font>Bold42</font>
						<textcolor>ffffffff</textcolor>
						<shadowcolor>80000000</shadowcolor>
						<label>$INFO[Container(50).ListItemNoWrap(3).Label]</label>
					</control>
					<control type="label">
						<left>18</left>
						<top>463</top>
						<width>290</width>
						<height>28</height>
						<font>Med28</font>
						<scroll>false</scroll>
						<textcolor>ffffffff</textcolor>
						<shadowcolor>80000000</shadowcolor>
						<label>$INFO[Container(50).ListItemNoWrap(3).Label2,$LOCALIZE[20347] ,]</label>
					</control>
				</control>
				<control type="group">
					<left>1058</left>
					<visible>!IsEmpty(Container(50).ListItemNoWrap(4).Label)</visible>
					<control type="image">
						<top>48</top>
						<width>320</width>
						<height>480</height>
						<aspectratio align="center">scale</aspectratio>
						<texture background="true" fallback="views/movie_fallback.png">$INFO[Container(50).ListItemNoWrap(4).Icon]</texture>
					</control>
					<control type="image">
						<left>-48</left>
						<centertop>288</centertop>
						<width>416</width>
						<height>576</height>
						<texture border="66,66,51,51">views/shadow_nf.png</texture>
					</control>
					<control type="image">
						<top>48</top>
						<width>320</width>
						<height>480</height>
						<texture border="2">views/season_overlay.png</texture>
						<visible>!SubString(ListItem.Icon,Default)</visible>
					</control>
					<control type="label">
						<left>18</left>
						<top>412</top>
						<width>290</width>
						<height>42</height>
						<font>Bold42</font>
						<textcolor>ffffffff</textcolor>
						<shadowcolor>80000000</shadowcolor>
						<label>$INFO[Container(50).ListItemNoWrap(4).Label]</label>
					</control>
					<control type="label">
						<left>18</left>
						<top>463</top>
						<width>290</width>
						<height>28</height>
						<font>Med28</font>
						<scroll>false</scroll>
						<textcolor>ffffffff</textcolor>
						<shadowcolor>80000000</shadowcolor>
						<label>$INFO[Container(50).ListItemNoWrap(4).Label2,$LOCALIZE[20347] ,]</label>
					</control>
				</control>
				<control type="group">
					<left>1411</left>
					<visible>!IsEmpty(Container(50).ListItemNoWrap(5).Label)</visible>
					<control type="image">
						<top>48</top>
						<width>320</width>
						<height>480</height>
						<aspectratio align="center">scale</aspectratio>
						<texture background="true" fallback="views/movie_fallback.png">$INFO[Container(50).ListItemNoWrap(5).Icon]</texture>
					</control>
					<control type="image">
						<left>-48</left>
						<centertop>288</centertop>
						<width>416</width>
						<height>576</height>
						<texture border="66,66,51,51">views/shadow_nf.png</texture>
					</control>
					<control type="image">
						<top>48</top>
						<width>320</width>
						<height>480</height>
						<texture border="2">views/season_overlay.png</texture>
						<visible>!SubString(ListItem.Icon,Default)</visible>
					</control>
					<control type="label">
						<left>18</left>
						<top>412</top>
						<width>290</width>
						<height>42</height>
						<font>Bold42</font>
						<textcolor>ffffffff</textcolor>
						<shadowcolor>80000000</shadowcolor>
						<label>$INFO[Container(50).ListItemNoWrap(5).Label]</label>
					</control>
					<control type="label">
						<left>18</left>
						<top>463</top>
						<width>290</width>
						<height>28</height>
						<font>Med28</font>
						<scroll>false</scroll>
						<textcolor>ffffffff</textcolor>
						<shadowcolor>80000000</shadowcolor>
						<label>$INFO[Container(50).ListItemNoWrap(5).Label2,$LOCALIZE[20347] ,]</label>
					</control>
				</control>
			</control>
			<!-- Similar videos -->
			<control type="label">
				<left>575</left>
				<width>1000</width>
				<height>32</height>
				<font>Med32</font>
				<textcolor>ff717171</textcolor>
				<label>$LOCALIZE[31077]</label>
				<visible>!IsEmpty(Window(home).Property(Similar)) + !IsEmpty(Container(5000).ListItem.Label) + !Control.HasFocus(5000)</visible>
				<animation delay="400" effect="fade" end="100" start="0" time="200">Visible</animation>
				<animation effect="fade" end="0" start="100" time="0">Hidden</animation>
			</control>
			<!-- No similar videos -->
			<control type="label">
				<top>120</top>
				<left>575</left>
				<width>1000</width>
				<height>32</height>
				<font>Med54</font>
				<textcolor>ffbebebe</textcolor>
				<label>$LOCALIZE[31078]</label>
				<visible>!IsEmpty(Window(home).Property(Similar)) + IsEmpty(Container(5000).ListItem.Label)</visible>
				<animation delay="400" effect="fade" end="100" start="0" time="200">Visible</animation>
				<animation condition="Control.HasFocus(5000)" effect="fade" end="0" start="100" time="0">Conditional</animation>
				<animation condition="!Control.HasFocus(5000)" delay="200" effect="fade" end="100" start="0" time="80">Conditional</animation>
			</control>
			<!-- Video list -->
			<control id="5000" type="fixedlist">
				<left>-25</left>
				<top>-271</top>
				<width>2600</width>
				<height>576</height>
				<onup>9001</onup>
				<ondown>noop</ondown>
				<onleft>7001</onleft>
				<onright>noop</onright>
				<onright condition="!Window.IsVisible(1103)">SetProperty(BounceRight,1,Home)</onright>
				<onback>9001</onback>
				<preloaditems>2</preloaditems>
				<focusposition>2</focusposition>
				<viewtype label="">list</viewtype>
				<orientation>horizontal</orientation>
				<scrolltime easing="inout" tween="sine">300</scrolltime>
				<visible>!IsEmpty(Window(home).Property(Similar))</visible>
				<animation condition="Window.IsVisible(1103)" reversible="false" type="Conditional">
					<effect easing="out" end="-20,0" start="0,0" time="60" tween="sine" type="slide" />
					<effect delay="80" easing="out" end="20,0" start="0,0" time="120" tween="sine" type="slide" />
				</animation>
				<animation delay="300" effect="fade" end="100" start="0" time="300">Visible</animation>
				<animation effect="fade" end="0" start="100" time="300">Hidden</animation>
				<animation center="480,1022" condition="!Control.HasFocus(5000)" easing="inout" effect="zoom" end="81" start="100" time="300" tween="sine">Conditional</animation>
				<itemlayout height="576" width="300">
					<control type="group">
						<visible>Control.HasFocus(5000)</visible>
						<animation center="150,288" condition="true" effect="zoom" end="85" start="85">Conditional</animation>
						<control type="image">
							<top>48</top>
							<width>320</width>
							<height>480</height>
							<aspectratio align="center">scale</aspectratio>
							<texture background="true" fallback="views/movie_fallback.png">$INFO[ListItem.Art(poster)]</texture>
						</control>
						<control type="image">
							<left>-48</left>
							<centertop>288</centertop>
							<width>416</width>
							<height>576</height>
							<texture border="66,66,51,51">views/shadow_nf.png</texture>
						</control>
						<control type="label">
							<left>18</left>
							<top>455</top>
							<width>290</width>
							<height>42</height>
							<font>Bold42</font>
							<textcolor>ffffffff</textcolor>
							<shadowcolor>80000000</shadowcolor>
							<label>$INFO[ListItem.Label]</label>
							<visible>IsEmpty(ListItem.Art(poster))</visible>
						</control>
						<control type="image">
							<top>48</top>
							<width>320</width>
							<height>480</height>
							<texture>views/OverlayNF.png</texture>
							<visible>Control.HasFocus(5000)</visible>
							<animation center="auto" easing="inout" effect="fade" end="100" start="0" time="300" tween="sine">VisibleChange</animation>
						</control>
					</control>
				</itemlayout>
				<focusedlayout height="576" width="300">
					<control type="group">
						<animation center="150,288" condition="Control.HasFocus(5000) + [Container(5000).OnNext | Container(5000).OnPrevious]" easing="inout" effect="zoom" end="100" start="85" time="300" tween="sine">Focus</animation>
						<animation center="150,288" condition="Control.HasFocus(5000) + [Container(5000).OnNext | Container(5000).OnPrevious]" easing="inout" effect="zoom" end="85" start="100" time="300" tween="sine">UnFocus</animation>
						<animation center="150,288" condition="!Control.HasFocus(5000)" easing="inout" effect="zoom" end="85" start="100" time="300" tween="sine">Conditional</animation>
						<control type="image">
							<top>48</top>
							<width>320</width>
							<height>480</height>
							<aspectratio align="center">scale</aspectratio>
							<texture background="true" fallback="views/movie_fallback.png">$INFO[ListItem.Art(poster)]</texture>
						</control>
						<control type="image">
							<left>-48</left>
							<centertop>288</centertop>
							<width>416</width>
							<height>576</height>
							<texture border="51">views/shadow_fo.png</texture>
							<animation center="auto" condition="Control.HasFocus(5000) | Container(5000).OnNext | Container(5000).OnPrevious" easing="inout" effect="fade" end="100" start="0" time="300" tween="sine">Focus</animation>
							<animation center="auto" condition="Container(5000).OnNext | Container(5000).OnPrevious" easing="inout" effect="fade" end="0" start="100" time="300" tween="sine">UnFocus</animation>
						</control>
						<control type="image">
							<left>-48</left>
							<centertop>288</centertop>
							<width>416</width>
							<height>576</height>
							<texture border="66,66,51,51">views/shadow_nf.png</texture>
							<animation center="auto" condition="Control.HasFocus(5000)" easing="inout" effect="fade" end="0" start="100" time="300" tween="sine">Focus</animation>
							<animation center="auto" condition="Control.HasFocus(5000)" easing="inout" effect="fade" end="100" start="0" time="300" tween="sine">UnFocus</animation>
						</control>
						<control type="label">
							<left>18</left>
							<top>455</top>
							<width>290</width>
							<height>42</height>
							<font>Bold42</font>
							<scroll>false</scroll>
							<textcolor>ffffffff</textcolor>
							<shadowcolor>80000000</shadowcolor>
							<label>$INFO[ListItem.Label]</label>
							<visible>IsEmpty(ListItem.Art(poster))</visible>
						</control>
						<control type="image">
							<top>48</top>
							<width>320</width>
							<height>480</height>
							<texture>views/OverlayNF.png</texture>
							<visible>Control.HasFocus(5000)</visible>
							<animation center="auto" condition="Control.HasFocus(5000)" easing="inout" effect="fade" end="0" start="100" time="300" tween="sine">Focus</animation>
							<animation center="auto" condition="Control.HasFocus(5000)" easing="inout" effect="fade" end="100" start="0" time="300" tween="sine">UnFocus</animation>
						</control>
					</control>
				</focusedlayout>
				<content limit="20">$VAR[SimilarVideos]</content>
			</control>
			<control type="group">
				<left>1030</left>
				<top>-319</top>
				<visible>!IsEmpty(Window(home).Property(Similar)) + !Control.HasFocus(5000) + !IsEmpty(Container(5000).ListItem.Label)</visible>
				<animation center="480,1022" condition="!Control.HasFocus(5000)" easing="inout" effect="zoom" end="81" start="100" time="300" tween="sine">Conditional</animation>
				<animation center="150,288" condition="true" effect="zoom" end="85" start="85">Conditional</animation>
				<control type="group">
					<visible>!IsEmpty(Container(5000).ListItemNoWrap(1).Label)</visible>
					<control type="image">
						<top>48</top>
						<width>320</width>
						<height>480</height>
						<aspectratio align="center">scale</aspectratio>
						<texture background="true" fallback="views/movie_fallback.png">$INFO[Container(5000).ListItemNoWrap(1).Art(poster)]</texture>
					</control>
					<control type="image">
						<left>-48</left>
						<centertop>288</centertop>
						<width>416</width>
						<height>576</height>
						<texture border="66,66,51,51">views/shadow_nf.png</texture>
					</control>
					<control type="label">
						<left>18</left>
						<top>455</top>
						<width>290</width>
						<height>42</height>
						<font>Bold42</font>
						<textcolor>ffffffff</textcolor>
						<label>$INFO[Container(5000).ListItemNoWrap(1).Label]</label>
						<visible>IsEmpty(Container(5000).ListItemNoWrap(1).Art(poster))</visible>
					</control>
				</control>
				<control type="group">
					<left>352</left>
					<visible>!IsEmpty(Container(5000).ListItemNoWrap(2).Label)</visible>
					<control type="image">
						<top>48</top>
						<width>320</width>
						<height>480</height>
						<aspectratio align="center">scale</aspectratio>
						<texture background="true" fallback="views/movie_fallback.png">$INFO[Container(5000).ListItemNoWrap(2).Art(poster)]</texture>
					</control>
					<control type="image">
						<left>-48</left>
						<centertop>288</centertop>
						<width>416</width>
						<height>576</height>
						<texture border="66,66,51,51">views/shadow_nf.png</texture>
					</control>
					<control type="label">
						<left>18</left>
						<top>455</top>
						<width>290</width>
						<height>42</height>
						<font>Bold42</font>
						<textcolor>ffffffff</textcolor>
						<label>$INFO[Container(5000).ListItemNoWrap(2).Label]</label>
						<visible>IsEmpty(Container(5000).ListItemNoWrap(2).Art(poster))</visible>
					</control>
				</control>
				<control type="group">
					<left>705</left>
					<visible>!IsEmpty(Container(5000).ListItemNoWrap(3).Label)</visible>
					<control type="image">
						<top>48</top>
						<width>320</width>
						<height>480</height>
						<aspectratio align="center">scale</aspectratio>
						<texture background="true" fallback="views/movie_fallback.png">$INFO[Container(5000).ListItemNoWrap(3).Art(poster)]</texture>
					</control>
					<control type="image">
						<left>-48</left>
						<centertop>288</centertop>
						<width>416</width>
						<height>576</height>
						<texture border="66,66,51,51">views/shadow_nf.png</texture>
					</control>
					<control type="label">
						<left>18</left>
						<top>455</top>
						<width>290</width>
						<height>42</height>
						<font>Bold42</font>
						<textcolor>ffffffff</textcolor>
						<label>$INFO[Container(5000).ListItemNoWrap(3).Label]</label>
						<visible>IsEmpty(Container(5000).ListItemNoWrap(3).Art(poster))</visible>
					</control>
				</control>
				<control type="group">
					<left>1058</left>
					<visible>!IsEmpty(Container(5000).ListItemNoWrap(4).Label)</visible>
					<control type="image">
						<top>48</top>
						<width>320</width>
						<height>480</height>
						<aspectratio align="center">scale</aspectratio>
						<texture background="true" fallback="views/movie_fallback.png">$INFO[Container(5000).ListItemNoWrap(4).Art(poster)]</texture>
					</control>
					<control type="image">
						<left>-48</left>
						<centertop>288</centertop>
						<width>416</width>
						<height>576</height>
						<texture border="66,66,51,51">views/shadow_nf.png</texture>
					</control>
					<control type="label">
						<left>18</left>
						<top>455</top>
						<width>290</width>
						<height>42</height>
						<font>Bold42</font>
						<textcolor>ffffffff</textcolor>
						<label>$INFO[Container(5000).ListItemNoWrap(4).Label]</label>
						<visible>IsEmpty(Container(5000).ListItemNoWrap(4).Art(poster))</visible>
					</control>
				</control>
				<control type="group">
					<left>1411</left>
					<visible>!IsEmpty(Container(5000).ListItemNoWrap(5).Label)</visible>
					<control type="image">
						<top>48</top>
						<width>320</width>
						<height>480</height>
						<aspectratio align="center">scale</aspectratio>
						<texture background="true" fallback="views/movie_fallback.png">$INFO[Container(5000).ListItemNoWrap(5).Art(poster)]</texture>
					</control>
					<control type="image">
						<left>-48</left>
						<centertop>288</centertop>
						<width>416</width>
						<height>576</height>
						<texture border="66,66,51,51">views/shadow_nf.png</texture>
					</control>
					<control type="label">
						<left>18</left>
						<top>455</top>
						<width>290</width>
						<height>42</height>
						<font>Bold42</font>
						<textcolor>ffffffff</textcolor>
						<label>$INFO[Container(5000).ListItemNoWrap(5).Label]</label>
						<visible>IsEmpty(Container(5000).ListItemNoWrap(5).Art(poster))</visible>
					</control>
				</control>
			</control>
			<!-- Info -->
			<control type="grouplist">
				<left>575</left>
				<top>267</top>
				<width>1192</width>
				<height>50</height>
				<itemgap>8</itemgap>
				<orientation>horizontal</orientation>
				<usecontrolcoords>true</usecontrolcoords>
				<visible>Control.HasFocus(50) | Control.HasFocus(5000)</visible>
				<animation delay="300" easing="inout" effect="fade" end="100" start="0" time="120" tween="sine">Visible</animation>
				<animation effect="fade" end="0" start="100" time="0">Hidden</animation>
				<control type="label">
					<top>2</top>
					<width>auto</width>
					<height>50</height>
					<align>left</align>
					<aligny>top</aligny>
					<font>Bold31</font>
					<textcolor>ffbcbcbc</textcolor>
					<label>$INFO[Container(50).ListItem.Label]</label>
					<visible>Control.HasFocus(50)</visible>
				</control>
				<control type="label">
					<top>2</top>
					<width>auto</width>
					<height>50</height>
					<align>left</align>
					<aligny>top</aligny>
					<font>Bold31</font>
					<textcolor>ffbcbcbc</textcolor>
					<label>$INFO[Container(5000).ListItem.Property(Title)]</label>
					<visible>Control.HasFocus(5000)</visible>
				</control>
				<control type="label">
					<top>18</top>
					<width>auto</width>
					<height>50</height>
					<align>left</align>
					<aligny>top</aligny>
					<font>Light24</font>
					<textcolor>ffbcbcbc</textcolor>
					<label>$INFO[Container(50).ListItem.Label2,$LOCALIZE[20347] ,]</label>
					<visible>Control.HasFocus(50)</visible>
				</control>
			</control>
		</control>
		<!-- Background -->
		<control type="image">
			<include>FullscreenDimensions</include>
			<texture>dialogs/DialogBackground.png</texture>
			<visible>Control.HasFocus(4000)</visible>
			<animation effect="fade" end="100" start="0" time="200">Visible</animation>
			<animation delay="100" effect="fade" end="0" start="100" time="200">Hidden</animation>
		</control>
		<control type="group">
			<visible>Control.HasFocus(4000)</visible>
			<animation reversible="true" type="Visible">
				<effect center="auto" easing="inout" end="100" start="92" time="120" tween="sine" type="zoom" />
				<effect easing="inout" end="100" start="0" time="120" tween="sine" type="fade" />
			</animation>
			<animation reversible="true" type="Hidden">
				<effect center="auto" easing="inout" end="92" start="100" time="120" tween="sine" type="zoom" />
				<effect easing="inout" end="0" start="100" time="120" tween="sine" type="fade" />
			</animation>
			<!-- Plot background -->
			<control type="image">
				<centerleft>50%</centerleft>
				<centertop>50%</centertop>
				<width>973</width>
				<height>760</height>
				<texture border="4,7,4,7">views/text_viewer_background.png</texture>
			</control>
			<!-- Arrow up -->
			<control type="image">
				<left>942</left>
				<top>216</top>
				<width>36</width>
				<height>20</height>
				<texture>views/arrow_up.png</texture>
				<visible>Control.IsVisible(4000) + IntegerGreaterThan(Container(4001).CurrentPage,1)</visible>
				<animation delay="80" effect="fade" end="100" start="0" time="120">Visible</animation>
				<animation delay="80" effect="fade" end="0" start="100" time="120">Hidden</animation>
			</control>
			<!-- Plot -->
			<control id="4001" type="textbox">
				<centerleft>50%</centerleft>
				<centertop>50%</centertop>
				<width>788</width>
				<height>454</height>
				<align>left</align>
				<font>Light36</font>
				<pagecontrol>4000</pagecontrol>
				<autoscroll>false</autoscroll>
				<textcolor>ffdadada</textcolor>
				<label>$VAR[Plot]</label>
			</control>
			<!-- Arrow down -->
			<control type="image">
				<left>942</left>
				<top>844</top>
				<width>36</width>
				<height>20</height>
				<texture>views/arrow_down.png</texture>
				<visible>Control.IsVisible(4000) + !StringCompare(Container(4001).CurrentPage,Container(4001).NumPages)</visible>
				<animation delay="80" effect="fade" end="100" start="0" time="120">Visible</animation>
				<animation delay="80" effect="fade" end="0" start="100" time="120">Hidden</animation>
			</control>
			<!-- Scrollbar -->
			<control id="4000" type="scrollbar">
				<left>1394</left>
				<centertop>50%</centertop>
				<width>8</width>
				<height>446</height>
				<onup>noop</onup>
				<ondown>noop</ondown>
				<onleft>3002</onleft>
				<onright>3002</onright>
				<onback>3002</onback>
				<showonepage>false</showonepage>
				<orientation>vertical</orientation>
				<visible allowhiddenfocus="true">Control.HasFocus(4000)</visible>
				<texturesliderbarfocus border="3">common/Scrollbar.png</texturesliderbarfocus>
				<animation condition="System.IdleTime(1)" effect="fade" end="0" start="100" time="200">Conditional</animation>
			</control>
		</control>
	</controls>
</window>