<?xml version="1.0" encoding="UTF-8"?>
    <addon id="repository.kodi.geertbongers.nl" name="Geert Addons" version="1.0.0" provider-name="Geert">
        <requires>
            <import addon="xbmc.addon" version="12.0.0"/>
        </requires>
        <extension point="xbmc.addon.repository" name="Geert Addons">
            <info compressed="false">https://raw.githubusercontent.com/geertbongers/repository.kodi.geertbongers.nl/master/addons.xml</info>
            <checksum>https://raw.githubusercontent.com/geertbongers/repository.kodi.geertbongers.nl/master/addons.xml.md5</checksum>
            <datadir zip="true">https://raw.githubusercontent.com/geertbongers/repository.kodi.geertbongers.nl/master/</datadir>
            <hashes>false</hashes>
        </extension>
        <extension point="xbmc.addon.metadata">
            <summary>Repository of Geert with mods of existing addons</summary>
            <description>Repository of Geert with mods of existing addons</description>
            <platform>all</platform>
    </extension>
</addon>