<?xml version="1.0" encoding="utf-8"?>
<includes>
	<!-- Movie Widget Type -->
	<include name="MovieWidgetType">
		<content>
			<item>
				<label>$LOCALIZE[31079] 1</label>
				<onclick>SetProperty(Dialog.NumItems,11)</onclick>
				<onclick>SetProperty(Dialog.1.Label,$LOCALIZE[31167])</onclick>
				<onclick>SetProperty(Dialog.1.BuiltIn,Skin.SetString(MovieWidget1.List,special://skin/extras/video/RecentlyAddedMovies.xsp)||Skin.SetString(MovieWidget1.Label,$LOCALIZE[31167]))</onclick>
				<onclick>SetProperty(Dialog.2.Label,$LOCALIZE[31168])</onclick>
				<onclick>SetProperty(Dialog.2.BuiltIn,Skin.SetString(MovieWidget1.List,special://skin/extras/video/YourMovies.xsp)||Skin.SetString(MovieWidget1.Label,$LOCALIZE[31168]))</onclick>
				<onclick>SetProperty(Dialog.3.Label,$LOCALIZE[31169])</onclick>
				<onclick>SetProperty(Dialog.3.BuiltIn,Skin.SetString(MovieWidget1.List,special://skin/extras/video/InProgressMovies.xsp)||Skin.SetString(MovieWidget1.Label,$LOCALIZE[31169]))</onclick>
				<onclick>SetProperty(Dialog.4.Label,$LOCALIZE[31170])</onclick>
				<onclick>SetProperty(Dialog.4.BuiltIn,Skin.SetString(MovieWidget1.List,special://skin/extras/video/KidsMovies.xsp)||Skin.SetString(MovieWidget1.Label,$LOCALIZE[31170]))</onclick>
				<onclick>SetProperty(Dialog.5.Label,$LOCALIZE[31171])</onclick>
				<onclick>SetProperty(Dialog.5.BuiltIn,Skin.SetString(MovieWidget1.List,special://skin/extras/video/ActionAdventureMovies.xsp)||Skin.SetString(MovieWidget1.Label,$LOCALIZE[31171]))</onclick>
				<onclick>SetProperty(Dialog.6.Label,$LOCALIZE[31172])</onclick>
				<onclick>SetProperty(Dialog.6.BuiltIn,Skin.SetString(MovieWidget1.List,special://skin/extras/video/ComedyMovies.xsp)||Skin.SetString(MovieWidget1.Label,$LOCALIZE[31172]))</onclick>
				<onclick>SetProperty(Dialog.7.Label,$LOCALIZE[31173])</onclick>
				<onclick>SetProperty(Dialog.7.BuiltIn,Skin.SetString(MovieWidget1.List,special://skin/extras/video/SciFiMovies.xsp)||Skin.SetString(MovieWidget1.Label,$LOCALIZE[31173]))</onclick>
				<onclick>SetProperty(Dialog.8.Label,$LOCALIZE[31174])</onclick>
				<onclick>SetProperty(Dialog.8.BuiltIn,Skin.SetString(MovieWidget1.List,special://skin/extras/video/TopRatedMovies.xsp)||Skin.SetString(MovieWidget1.Label,$LOCALIZE[31174]))</onclick>
				<onclick>SetProperty(Dialog.9.Label,$LOCALIZE[20012])</onclick>
				<onclick>SetProperty(Dialog.9.BuiltIn,Skin.SetFile(MovieWidget1.List,.xsp,special://videoplaylists/)||Skin.SetString(MovieWidget1.Label,$LOCALIZE[20012]))</onclick>
				<onclick>SetProperty(Dialog.10.Label,$LOCALIZE[1036])</onclick>
				<onclick>SetProperty(Dialog.10.BuiltIn,RunScript(script.favourites,property=MovieWidget1))</onclick>
				<onclick>SetProperty(Dialog.11.Label,$LOCALIZE[192])</onclick>
				<onclick>SetProperty(Dialog.11.BuiltIn,Skin.Reset(MovieWidget1.Label)||Skin.Reset(MovieWidget1.List))</onclick>
				<onclick>RunScript(script.toolbox,info=selectdialog,header=$LOCALIZE[31079] 1)</onclick>
			</item>
			<item>
				<label>$LOCALIZE[31079] 2</label>
				<onclick>SetProperty(Dialog.NumItems,11)</onclick>
				<onclick>SetProperty(Dialog.1.Label,$LOCALIZE[31167])</onclick>
				<onclick>SetProperty(Dialog.1.BuiltIn,Skin.SetString(MovieWidget2.List,special://skin/extras/video/RecentlyAddedMovies.xsp)||Skin.SetString(MovieWidget2.Label,$LOCALIZE[31167]))</onclick>
				<onclick>SetProperty(Dialog.2.Label,$LOCALIZE[31168])</onclick>
				<onclick>SetProperty(Dialog.2.BuiltIn,Skin.SetString(MovieWidget2.List,special://skin/extras/video/YourMovies.xsp)||Skin.SetString(MovieWidget2.Label,$LOCALIZE[31168]))</onclick>
				<onclick>SetProperty(Dialog.3.Label,$LOCALIZE[31169])</onclick>
				<onclick>SetProperty(Dialog.3.BuiltIn,Skin.SetString(MovieWidget2.List,special://skin/extras/video/InProgressMovies.xsp)||Skin.SetString(MovieWidget2.Label,$LOCALIZE[31169]))</onclick>
				<onclick>SetProperty(Dialog.4.Label,$LOCALIZE[31170])</onclick>
				<onclick>SetProperty(Dialog.4.BuiltIn,Skin.SetString(MovieWidget2.List,special://skin/extras/video/KidsMovies.xsp)||Skin.SetString(MovieWidget2.Label,$LOCALIZE[31170]))</onclick>
				<onclick>SetProperty(Dialog.5.Label,$LOCALIZE[31171])</onclick>
				<onclick>SetProperty(Dialog.5.BuiltIn,Skin.SetString(MovieWidget2.List,special://skin/extras/video/ActionAdventureMovies.xsp)||Skin.SetString(MovieWidget2.Label,$LOCALIZE[31171]))</onclick>
				<onclick>SetProperty(Dialog.6.Label,$LOCALIZE[31172])</onclick>
				<onclick>SetProperty(Dialog.6.BuiltIn,Skin.SetString(MovieWidget2.List,special://skin/extras/video/ComedyMovies.xsp)||Skin.SetString(MovieWidget2.Label,$LOCALIZE[31172]))</onclick>
				<onclick>SetProperty(Dialog.7.Label,$LOCALIZE[31173])</onclick>
				<onclick>SetProperty(Dialog.7.BuiltIn,Skin.SetString(MovieWidget2.List,special://skin/extras/video/SciFiMovies.xsp)||Skin.SetString(MovieWidget2.Label,$LOCALIZE[31173]))</onclick>
				<onclick>SetProperty(Dialog.8.Label,$LOCALIZE[31174])</onclick>
				<onclick>SetProperty(Dialog.8.BuiltIn,Skin.SetString(MovieWidget2.List,special://skin/extras/video/TopRatedMovies.xsp)||Skin.SetString(MovieWidget2.Label,$LOCALIZE[31174]))</onclick>
				<onclick>SetProperty(Dialog.9.Label,$LOCALIZE[20012])</onclick>
				<onclick>SetProperty(Dialog.9.BuiltIn,Skin.SetFile(MovieWidget2.List,.xsp,special://videoplaylists/)||Skin.SetString(MovieWidget2.Label,$LOCALIZE[20012]))</onclick>
				<onclick>SetProperty(Dialog.10.Label,$LOCALIZE[1036])</onclick>
				<onclick>SetProperty(Dialog.10.BuiltIn,RunScript(script.favourites,property=MovieWidget2))</onclick>
				<onclick>SetProperty(Dialog.11.Label,$LOCALIZE[192])</onclick>
				<onclick>SetProperty(Dialog.11.BuiltIn,Skin.Reset(MovieWidget2.Label)||Skin.Reset(MovieWidget2.List))</onclick>
				<onclick>RunScript(script.toolbox,info=selectdialog,header=$LOCALIZE[31079] 2)</onclick>
			</item>
			<item>
				<label>$LOCALIZE[31079] 3</label>
				<onclick>SetProperty(Dialog.NumItems,11)</onclick>
				<onclick>SetProperty(Dialog.1.Label,$LOCALIZE[31167])</onclick>
				<onclick>SetProperty(Dialog.1.BuiltIn,Skin.SetString(MovieWidget3.List,special://skin/extras/video/RecentlyAddedMovies.xsp)||Skin.SetString(MovieWidget3.Label,$LOCALIZE[31167]))</onclick>
				<onclick>SetProperty(Dialog.2.Label,$LOCALIZE[31168])</onclick>
				<onclick>SetProperty(Dialog.2.BuiltIn,Skin.SetString(MovieWidget3.List,special://skin/extras/video/YourMovies.xsp)||Skin.SetString(MovieWidget3.Label,$LOCALIZE[31168]))</onclick>
				<onclick>SetProperty(Dialog.3.Label,$LOCALIZE[31169])</onclick>
				<onclick>SetProperty(Dialog.3.BuiltIn,Skin.SetString(MovieWidget3.List,special://skin/extras/video/InProgressMovies.xsp)||Skin.SetString(MovieWidget3.Label,$LOCALIZE[31169]))</onclick>
				<onclick>SetProperty(Dialog.4.Label,$LOCALIZE[31170])</onclick>
				<onclick>SetProperty(Dialog.4.BuiltIn,Skin.SetString(MovieWidget3.List,special://skin/extras/video/KidsMovies.xsp)||Skin.SetString(MovieWidget3.Label,$LOCALIZE[31170]))</onclick>
				<onclick>SetProperty(Dialog.5.Label,$LOCALIZE[31171])</onclick>
				<onclick>SetProperty(Dialog.5.BuiltIn,Skin.SetString(MovieWidget3.List,special://skin/extras/video/ActionAdventureMovies.xsp)||Skin.SetString(MovieWidget3.Label,$LOCALIZE[31171]))</onclick>
				<onclick>SetProperty(Dialog.6.Label,$LOCALIZE[31172])</onclick>
				<onclick>SetProperty(Dialog.6.BuiltIn,Skin.SetString(MovieWidget3.List,special://skin/extras/video/ComedyMovies.xsp)||Skin.SetString(MovieWidget3.Label,$LOCALIZE[31172]))</onclick>
				<onclick>SetProperty(Dialog.7.Label,$LOCALIZE[31173])</onclick>
				<onclick>SetProperty(Dialog.7.BuiltIn,Skin.SetString(MovieWidget3.List,special://skin/extras/video/SciFiMovies.xsp)||Skin.SetString(MovieWidget3.Label,$LOCALIZE[31173]))</onclick>
				<onclick>SetProperty(Dialog.8.Label,$LOCALIZE[31174])</onclick>
				<onclick>SetProperty(Dialog.8.BuiltIn,Skin.SetString(MovieWidget3.List,special://skin/extras/video/TopRatedMovies.xsp)||Skin.SetString(MovieWidget3.Label,$LOCALIZE[31174]))</onclick>
				<onclick>SetProperty(Dialog.9.Label,$LOCALIZE[20012])</onclick>
				<onclick>SetProperty(Dialog.9.BuiltIn,Skin.SetFile(MovieWidget3.List,.xsp,special://videoplaylists/)||Skin.SetString(MovieWidget3.Label,$LOCALIZE[20012]))</onclick>
				<onclick>SetProperty(Dialog.10.Label,$LOCALIZE[1036])</onclick>
				<onclick>SetProperty(Dialog.10.BuiltIn,RunScript(script.favourites,property=MovieWidget3))</onclick>
				<onclick>SetProperty(Dialog.11.Label,$LOCALIZE[192])</onclick>
				<onclick>SetProperty(Dialog.11.BuiltIn,Skin.Reset(MovieWidget3.Label)||Skin.Reset(MovieWidget3.List))</onclick>
				<onclick>RunScript(script.toolbox,info=selectdialog,header=$LOCALIZE[31079] 3)</onclick>
			</item>
			<item>
				<label>$LOCALIZE[31079] 4</label>
				<onclick>SetProperty(Dialog.NumItems,11)</onclick>
				<onclick>SetProperty(Dialog.1.Label,$LOCALIZE[31167])</onclick>
				<onclick>SetProperty(Dialog.1.BuiltIn,Skin.SetString(MovieWidget4.List,special://skin/extras/video/RecentlyAddedMovies.xsp)||Skin.SetString(MovieWidget4.Label,$LOCALIZE[31167]))</onclick>
				<onclick>SetProperty(Dialog.2.Label,$LOCALIZE[31168])</onclick>
				<onclick>SetProperty(Dialog.2.BuiltIn,Skin.SetString(MovieWidget4.List,special://skin/extras/video/YourMovies.xsp)||Skin.SetString(MovieWidget4.Label,$LOCALIZE[31168]))</onclick>
				<onclick>SetProperty(Dialog.3.Label,$LOCALIZE[31169])</onclick>
				<onclick>SetProperty(Dialog.3.BuiltIn,Skin.SetString(MovieWidget4.List,special://skin/extras/video/InProgressMovies.xsp)||Skin.SetString(MovieWidget4.Label,$LOCALIZE[31169]))</onclick>
				<onclick>SetProperty(Dialog.4.Label,$LOCALIZE[31170])</onclick>
				<onclick>SetProperty(Dialog.4.BuiltIn,Skin.SetString(MovieWidget4.List,special://skin/extras/video/KidsMovies.xsp)||Skin.SetString(MovieWidget4.Label,$LOCALIZE[31170]))</onclick>
				<onclick>SetProperty(Dialog.5.Label,$LOCALIZE[31171])</onclick>
				<onclick>SetProperty(Dialog.5.BuiltIn,Skin.SetString(MovieWidget4.List,special://skin/extras/video/ActionAdventureMovies.xsp)||Skin.SetString(MovieWidget4.Label,$LOCALIZE[31171]))</onclick>
				<onclick>SetProperty(Dialog.6.Label,$LOCALIZE[31172])</onclick>
				<onclick>SetProperty(Dialog.6.BuiltIn,Skin.SetString(MovieWidget4.List,special://skin/extras/video/ComedyMovies.xsp)||Skin.SetString(MovieWidget4.Label,$LOCALIZE[31172]))</onclick>
				<onclick>SetProperty(Dialog.7.Label,$LOCALIZE[31173])</onclick>
				<onclick>SetProperty(Dialog.7.BuiltIn,Skin.SetString(MovieWidget4.List,special://skin/extras/video/SciFiMovies.xsp)||Skin.SetString(MovieWidget4.Label,$LOCALIZE[31173]))</onclick>
				<onclick>SetProperty(Dialog.8.Label,$LOCALIZE[31174])</onclick>
				<onclick>SetProperty(Dialog.8.BuiltIn,Skin.SetString(MovieWidget4.List,special://skin/extras/video/TopRatedMovies.xsp)||Skin.SetString(MovieWidget4.Label,$LOCALIZE[31174]))</onclick>
				<onclick>SetProperty(Dialog.9.Label,$LOCALIZE[20012])</onclick>
				<onclick>SetProperty(Dialog.9.BuiltIn,Skin.SetFile(MovieWidget4.List,.xsp,special://videoplaylists/)||Skin.SetString(MovieWidget4.Label,$LOCALIZE[20012]))</onclick>
				<onclick>SetProperty(Dialog.10.Label,$LOCALIZE[1036])</onclick>
				<onclick>SetProperty(Dialog.10.BuiltIn,RunScript(script.favourites,property=MovieWidget4))</onclick>
				<onclick>SetProperty(Dialog.11.Label,$LOCALIZE[192])</onclick>
				<onclick>SetProperty(Dialog.11.BuiltIn,Skin.Reset(MovieWidget4.Label)||Skin.Reset(MovieWidget4.List))</onclick>
				<onclick>RunScript(script.toolbox,info=selectdialog,header=$LOCALIZE[31079] 4)</onclick>
			</item>
			<item>
				<label>$LOCALIZE[31079] 5</label>
				<onclick>SetProperty(Dialog.NumItems,11)</onclick>
				<onclick>SetProperty(Dialog.1.Label,$LOCALIZE[31167])</onclick>
				<onclick>SetProperty(Dialog.1.BuiltIn,Skin.SetString(MovieWidget5.List,special://skin/extras/video/RecentlyAddedMovies.xsp)||Skin.SetString(MovieWidget5.Label,$LOCALIZE[31167]))</onclick>
				<onclick>SetProperty(Dialog.2.Label,$LOCALIZE[31168])</onclick>
				<onclick>SetProperty(Dialog.2.BuiltIn,Skin.SetString(MovieWidget5.List,special://skin/extras/video/YourMovies.xsp)||Skin.SetString(MovieWidget5.Label,$LOCALIZE[31168]))</onclick>
				<onclick>SetProperty(Dialog.3.Label,$LOCALIZE[31169])</onclick>
				<onclick>SetProperty(Dialog.3.BuiltIn,Skin.SetString(MovieWidget5.List,special://skin/extras/video/InProgressMovies.xsp)||Skin.SetString(MovieWidget5.Label,$LOCALIZE[31169]))</onclick>
				<onclick>SetProperty(Dialog.4.Label,$LOCALIZE[31170])</onclick>
				<onclick>SetProperty(Dialog.4.BuiltIn,Skin.SetString(MovieWidget5.List,special://skin/extras/video/KidsMovies.xsp)||Skin.SetString(MovieWidget5.Label,$LOCALIZE[31170]))</onclick>
				<onclick>SetProperty(Dialog.5.Label,$LOCALIZE[31171])</onclick>
				<onclick>SetProperty(Dialog.5.BuiltIn,Skin.SetString(MovieWidget5.List,special://skin/extras/video/ActionAdventureMovies.xsp)||Skin.SetString(MovieWidget5.Label,$LOCALIZE[31171]))</onclick>
				<onclick>SetProperty(Dialog.6.Label,$LOCALIZE[31172])</onclick>
				<onclick>SetProperty(Dialog.6.BuiltIn,Skin.SetString(MovieWidget5.List,special://skin/extras/video/ComedyMovies.xsp)||Skin.SetString(MovieWidget5.Label,$LOCALIZE[31172]))</onclick>
				<onclick>SetProperty(Dialog.7.Label,$LOCALIZE[31173])</onclick>
				<onclick>SetProperty(Dialog.7.BuiltIn,Skin.SetString(MovieWidget5.List,special://skin/extras/video/SciFiMovies.xsp)||Skin.SetString(MovieWidget5.Label,$LOCALIZE[31173]))</onclick>
				<onclick>SetProperty(Dialog.8.Label,$LOCALIZE[31174])</onclick>
				<onclick>SetProperty(Dialog.8.BuiltIn,Skin.SetString(MovieWidget5.List,special://skin/extras/video/TopRatedMovies.xsp)||Skin.SetString(MovieWidget5.Label,$LOCALIZE[31174]))</onclick>
				<onclick>SetProperty(Dialog.9.Label,$LOCALIZE[20012])</onclick>
				<onclick>SetProperty(Dialog.9.BuiltIn,Skin.SetFile(MovieWidget5.List,.xsp,special://videoplaylists/)||Skin.SetString(MovieWidget5.Label,$LOCALIZE[20012]))</onclick>
				<onclick>SetProperty(Dialog.10.Label,$LOCALIZE[1036])</onclick>
				<onclick>SetProperty(Dialog.10.BuiltIn,RunScript(script.favourites,property=MovieWidget5))</onclick>
				<onclick>SetProperty(Dialog.11.Label,$LOCALIZE[192])</onclick>
				<onclick>SetProperty(Dialog.11.BuiltIn,Skin.Reset(MovieWidget5.Label)||Skin.Reset(MovieWidget5.List))</onclick>
				<onclick>RunScript(script.toolbox,info=selectdialog,header=$LOCALIZE[31079] 5)</onclick>
			</item>
			<item>
				<label>$LOCALIZE[31079] 6</label>
				<onclick>SetProperty(Dialog.NumItems,11)</onclick>
				<onclick>SetProperty(Dialog.1.Label,$LOCALIZE[31167])</onclick>
				<onclick>SetProperty(Dialog.1.BuiltIn,Skin.SetString(MovieWidget6.List,special://skin/extras/video/RecentlyAddedMovies.xsp)||Skin.SetString(MovieWidget6.Label,$LOCALIZE[31167]))</onclick>
				<onclick>SetProperty(Dialog.2.Label,$LOCALIZE[31168])</onclick>
				<onclick>SetProperty(Dialog.2.BuiltIn,Skin.SetString(MovieWidget6.List,special://skin/extras/video/YourMovies.xsp)||Skin.SetString(MovieWidget6.Label,$LOCALIZE[31168]))</onclick>
				<onclick>SetProperty(Dialog.3.Label,$LOCALIZE[31169])</onclick>
				<onclick>SetProperty(Dialog.3.BuiltIn,Skin.SetString(MovieWidget6.List,special://skin/extras/video/InProgressMovies.xsp)||Skin.SetString(MovieWidget6.Label,$LOCALIZE[31169]))</onclick>
				<onclick>SetProperty(Dialog.4.Label,$LOCALIZE[31170])</onclick>
				<onclick>SetProperty(Dialog.4.BuiltIn,Skin.SetString(MovieWidget6.List,special://skin/extras/video/KidsMovies.xsp)||Skin.SetString(MovieWidget6.Label,$LOCALIZE[31170]))</onclick>
				<onclick>SetProperty(Dialog.5.Label,$LOCALIZE[31171])</onclick>
				<onclick>SetProperty(Dialog.5.BuiltIn,Skin.SetString(MovieWidget6.List,special://skin/extras/video/ActionAdventureMovies.xsp)||Skin.SetString(MovieWidget6.Label,$LOCALIZE[31171]))</onclick>
				<onclick>SetProperty(Dialog.6.Label,$LOCALIZE[31172])</onclick>
				<onclick>SetProperty(Dialog.6.BuiltIn,Skin.SetString(MovieWidget6.List,special://skin/extras/video/ComedyMovies.xsp)||Skin.SetString(MovieWidget6.Label,$LOCALIZE[31172]))</onclick>
				<onclick>SetProperty(Dialog.7.Label,$LOCALIZE[31173])</onclick>
				<onclick>SetProperty(Dialog.7.BuiltIn,Skin.SetString(MovieWidget6.List,special://skin/extras/video/SciFiMovies.xsp)||Skin.SetString(MovieWidget6.Label,$LOCALIZE[31173]))</onclick>
				<onclick>SetProperty(Dialog.8.Label,$LOCALIZE[31174])</onclick>
				<onclick>SetProperty(Dialog.8.BuiltIn,Skin.SetString(MovieWidget6.List,special://skin/extras/video/TopRatedMovies.xsp)||Skin.SetString(MovieWidget6.Label,$LOCALIZE[31174]))</onclick>
				<onclick>SetProperty(Dialog.9.Label,$LOCALIZE[20012])</onclick>
				<onclick>SetProperty(Dialog.9.BuiltIn,Skin.SetFile(MovieWidget6.List,.xsp,special://videoplaylists/)||Skin.SetString(MovieWidget6.Label,$LOCALIZE[20012]))</onclick>
				<onclick>SetProperty(Dialog.10.Label,$LOCALIZE[1036])</onclick>
				<onclick>SetProperty(Dialog.10.BuiltIn,RunScript(script.favourites,property=MovieWidget6))</onclick>
				<onclick>SetProperty(Dialog.11.Label,$LOCALIZE[192])</onclick>
				<onclick>SetProperty(Dialog.11.BuiltIn,Skin.Reset(MovieWidget6.Label)||Skin.Reset(MovieWidget6.List))</onclick>
				<onclick>RunScript(script.toolbox,info=selectdialog,header=$LOCALIZE[31079] 6)</onclick>
			</item>
			<item>
				<label>$LOCALIZE[31079] 7</label>
				<onclick>SetProperty(Dialog.NumItems,11)</onclick>
				<onclick>SetProperty(Dialog.1.Label,$LOCALIZE[31167])</onclick>
				<onclick>SetProperty(Dialog.1.BuiltIn,Skin.SetString(MovieWidget7.List,special://skin/extras/video/RecentlyAddedMovies.xsp)||Skin.SetString(MovieWidget7.Label,$LOCALIZE[31167]))</onclick>
				<onclick>SetProperty(Dialog.2.Label,$LOCALIZE[31168])</onclick>
				<onclick>SetProperty(Dialog.2.BuiltIn,Skin.SetString(MovieWidget7.List,special://skin/extras/video/YourMovies.xsp)||Skin.SetString(MovieWidget7.Label,$LOCALIZE[31168]))</onclick>
				<onclick>SetProperty(Dialog.3.Label,$LOCALIZE[31169])</onclick>
				<onclick>SetProperty(Dialog.3.BuiltIn,Skin.SetString(MovieWidget7.List,special://skin/extras/video/InProgressMovies.xsp)||Skin.SetString(MovieWidget7.Label,$LOCALIZE[31169]))</onclick>
				<onclick>SetProperty(Dialog.4.Label,$LOCALIZE[31170])</onclick>
				<onclick>SetProperty(Dialog.4.BuiltIn,Skin.SetString(MovieWidget7.List,special://skin/extras/video/KidsMovies.xsp)||Skin.SetString(MovieWidget7.Label,$LOCALIZE[31170]))</onclick>
				<onclick>SetProperty(Dialog.5.Label,$LOCALIZE[31171])</onclick>
				<onclick>SetProperty(Dialog.5.BuiltIn,Skin.SetString(MovieWidget7.List,special://skin/extras/video/ActionAdventureMovies.xsp)||Skin.SetString(MovieWidget7.Label,$LOCALIZE[31171]))</onclick>
				<onclick>SetProperty(Dialog.6.Label,$LOCALIZE[31172])</onclick>
				<onclick>SetProperty(Dialog.6.BuiltIn,Skin.SetString(MovieWidget7.List,special://skin/extras/video/ComedyMovies.xsp)||Skin.SetString(MovieWidget7.Label,$LOCALIZE[31172]))</onclick>
				<onclick>SetProperty(Dialog.7.Label,$LOCALIZE[31173])</onclick>
				<onclick>SetProperty(Dialog.7.BuiltIn,Skin.SetString(MovieWidget7.List,special://skin/extras/video/SciFiMovies.xsp)||Skin.SetString(MovieWidget7.Label,$LOCALIZE[31173]))</onclick>
				<onclick>SetProperty(Dialog.8.Label,$LOCALIZE[31174])</onclick>
				<onclick>SetProperty(Dialog.8.BuiltIn,Skin.SetString(MovieWidget7.List,special://skin/extras/video/TopRatedMovies.xsp)||Skin.SetString(MovieWidget7.Label,$LOCALIZE[31174]))</onclick>
				<onclick>SetProperty(Dialog.9.Label,$LOCALIZE[20012])</onclick>
				<onclick>SetProperty(Dialog.9.BuiltIn,Skin.SetFile(MovieWidget7.List,.xsp,special://videoplaylists/)||Skin.SetString(MovieWidget7.Label,$LOCALIZE[20012]))</onclick>
				<onclick>SetProperty(Dialog.10.Label,$LOCALIZE[1036])</onclick>
				<onclick>SetProperty(Dialog.10.BuiltIn,RunScript(script.favourites,property=MovieWidget7))</onclick>
				<onclick>SetProperty(Dialog.11.Label,$LOCALIZE[192])</onclick>
				<onclick>SetProperty(Dialog.11.BuiltIn,Skin.Reset(MovieWidget7.Label)||Skin.Reset(MovieWidget7.List))</onclick>
				<onclick>RunScript(script.toolbox,info=selectdialog,header=$LOCALIZE[31079] 7)</onclick>
			</item>
			<item>
				<label>$LOCALIZE[31079] 8</label>
				<onclick>SetProperty(Dialog.NumItems,11)</onclick>
				<onclick>SetProperty(Dialog.1.Label,$LOCALIZE[31167])</onclick>
				<onclick>SetProperty(Dialog.1.BuiltIn,Skin.SetString(MovieWidget8.List,special://skin/extras/video/RecentlyAddedMovies.xsp)||Skin.SetString(MovieWidget8.Label,$LOCALIZE[31167]))</onclick>
				<onclick>SetProperty(Dialog.2.Label,$LOCALIZE[31168])</onclick>
				<onclick>SetProperty(Dialog.2.BuiltIn,Skin.SetString(MovieWidget8.List,special://skin/extras/video/YourMovies.xsp)||Skin.SetString(MovieWidget8.Label,$LOCALIZE[31168]))</onclick>
				<onclick>SetProperty(Dialog.3.Label,$LOCALIZE[31169])</onclick>
				<onclick>SetProperty(Dialog.3.BuiltIn,Skin.SetString(MovieWidget8.List,special://skin/extras/video/InProgressMovies.xsp)||Skin.SetString(MovieWidget8.Label,$LOCALIZE[31169]))</onclick>
				<onclick>SetProperty(Dialog.4.Label,$LOCALIZE[31170])</onclick>
				<onclick>SetProperty(Dialog.4.BuiltIn,Skin.SetString(MovieWidget8.List,special://skin/extras/video/KidsMovies.xsp)||Skin.SetString(MovieWidget8.Label,$LOCALIZE[31170]))</onclick>
				<onclick>SetProperty(Dialog.5.Label,$LOCALIZE[31171])</onclick>
				<onclick>SetProperty(Dialog.5.BuiltIn,Skin.SetString(MovieWidget8.List,special://skin/extras/video/ActionAdventureMovies.xsp)||Skin.SetString(MovieWidget8.Label,$LOCALIZE[31171]))</onclick>
				<onclick>SetProperty(Dialog.6.Label,$LOCALIZE[31172])</onclick>
				<onclick>SetProperty(Dialog.6.BuiltIn,Skin.SetString(MovieWidget8.List,special://skin/extras/video/ComedyMovies.xsp)||Skin.SetString(MovieWidget8.Label,$LOCALIZE[31172]))</onclick>
				<onclick>SetProperty(Dialog.7.Label,$LOCALIZE[31173])</onclick>
				<onclick>SetProperty(Dialog.7.BuiltIn,Skin.SetString(MovieWidget8.List,special://skin/extras/video/SciFiMovies.xsp)||Skin.SetString(MovieWidget8.Label,$LOCALIZE[31173]))</onclick>
				<onclick>SetProperty(Dialog.8.Label,$LOCALIZE[31174])</onclick>
				<onclick>SetProperty(Dialog.8.BuiltIn,Skin.SetString(MovieWidget8.List,special://skin/extras/video/TopRatedMovies.xsp)||Skin.SetString(MovieWidget8.Label,$LOCALIZE[31174]))</onclick>
				<onclick>SetProperty(Dialog.9.Label,$LOCALIZE[20012])</onclick>
				<onclick>SetProperty(Dialog.9.BuiltIn,Skin.SetFile(MovieWidget8.List,.xsp,special://videoplaylists/)||Skin.SetString(MovieWidget8.Label,$LOCALIZE[20012]))</onclick>
				<onclick>SetProperty(Dialog.10.Label,$LOCALIZE[1036])</onclick>
				<onclick>SetProperty(Dialog.10.BuiltIn,RunScript(script.favourites,property=MovieWidget8))</onclick>
				<onclick>SetProperty(Dialog.11.Label,$LOCALIZE[192])</onclick>
				<onclick>SetProperty(Dialog.11.BuiltIn,Skin.Reset(MovieWidget8.Label)||Skin.Reset(MovieWidget8.List))</onclick>
				<onclick>RunScript(script.toolbox,info=selectdialog,header=$LOCALIZE[31079] 8)</onclick>
			</item>
		</content>
	</include>
	<!-- $LOCALIZE[31079] Label -->
	<include name="MovieWidgetLabel">
		<content>
			<item>
				<label>$INFO[Skin.String(MovieWidget1.Label)]</label>
				<onclick>Skin.SetString(MovieWidget1.Label)</onclick>
			</item>
			<item>
				<label>$INFO[Skin.String(MovieWidget2.Label)]</label>
				<onclick>Skin.SetString(MovieWidget2.Label)</onclick>
			</item>
			<item>
				<label>$INFO[Skin.String(MovieWidget3.Label)]</label>
				<onclick>Skin.SetString(MovieWidget3.Label)</onclick>
			</item>
			<item>
				<label>$INFO[Skin.String(MovieWidget4.Label)]</label>
				<onclick>Skin.SetString(MovieWidget4.Label)</onclick>
			</item>
			<item>
				<label>$INFO[Skin.String(MovieWidget5.Label)]</label>
				<onclick>Skin.SetString(MovieWidget5.Label)</onclick>
			</item>
			<item>
				<label>$INFO[Skin.String(MovieWidget6.Label)]</label>
				<onclick>Skin.SetString(MovieWidget6.Label)</onclick>
			</item>
			<item>
				<label>$INFO[Skin.String(MovieWidget7.Label)]</label>
				<onclick>Skin.SetString(MovieWidget7.Label)</onclick>
			</item>
			<item>
				<label>$INFO[Skin.String(MovieWidget8.Label)]</label>
				<onclick>Skin.SetString(MovieWidget8.Label)</onclick>
			</item>
		</content>
	</include>
	<!-- $LOCALIZE[31079] List -->
	<include name="MovieWidgetList">
		<content>
			<item>
				<label>$INFO[Skin.String(MovieWidget1.List)]</label>
				<onclick>Skin.SetString(MovieWidget1.List)</onclick>
			</item>
			<item>
				<label>$INFO[Skin.String(MovieWidget2.List)]</label>
				<onclick>Skin.SetString(MovieWidget2.List)</onclick>
			</item>
			<item>
				<label>$INFO[Skin.String(MovieWidget3.List)]</label>
				<onclick>Skin.SetString(MovieWidget3.List)</onclick>
			</item>
			<item>
				<label>$INFO[Skin.String(MovieWidget4.List)]</label>
				<onclick>Skin.SetString(MovieWidget4.List)</onclick>
			</item>
			<item>
				<label>$INFO[Skin.String(MovieWidget5.List)]</label>
				<onclick>Skin.SetString(MovieWidget5.List)</onclick>
			</item>
			<item>
				<label>$INFO[Skin.String(MovieWidget6.List)]</label>
				<onclick>Skin.SetString(MovieWidget6.List)</onclick>
			</item>
			<item>
				<label>$INFO[Skin.String(MovieWidget7.List)]</label>
				<onclick>Skin.SetString(MovieWidget7.List)</onclick>
			</item>
			<item>
				<label>$INFO[Skin.String(MovieWidget8.List)]</label>
				<onclick>Skin.SetString(MovieWidget8.List)</onclick>
			</item>
		</content>
	</include>
	<!-- TV Show Widget Type -->
	<include name="TVWidgetType">
		<content>
			<item>
				<label>$LOCALIZE[31080] 1</label>
				<onclick>SetProperty(Dialog.NumItems,11)</onclick>
				<onclick>SetProperty(Dialog.1.Label,$LOCALIZE[31175])</onclick>
				<onclick>SetProperty(Dialog.1.BuiltIn,Skin.SetString(TVWidget1.List,special://skin/extras/video/RecentlyUpdatedTVShows.xsp)||Skin.SetString(TVWidget1.Label,$LOCALIZE[31175]))</onclick>
				<onclick>SetProperty(Dialog.2.Label,$LOCALIZE[31176])</onclick>
				<onclick>SetProperty(Dialog.2.BuiltIn,Skin.SetString(TVWidget1.List,special://skin/extras/video/YourTVShows.xsp)||Skin.SetString(TVWidget1.Label,$LOCALIZE[31176]))</onclick>
				<onclick>SetProperty(Dialog.3.Label,$LOCALIZE[31177])</onclick>
				<onclick>SetProperty(Dialog.3.BuiltIn,Skin.SetString(TVWidget1.List,special://skin/extras/video/InProgressTVShows.xsp)||Skin.SetString(TVWidget1.Label,$LOCALIZE[31177]))</onclick>
				<onclick>SetProperty(Dialog.4.Label,$LOCALIZE[31178])</onclick>
				<onclick>SetProperty(Dialog.4.BuiltIn,Skin.SetString(TVWidget1.List,special://skin/extras/video/KidsTVShows.xsp)||Skin.SetString(TVWidget1.Label,$LOCALIZE[31178]))</onclick>
				<onclick>SetProperty(Dialog.5.Label,$LOCALIZE[31179])</onclick>
				<onclick>SetProperty(Dialog.5.BuiltIn,Skin.SetString(TVWidget1.List,special://skin/extras/video/ActionAdventureTVShows.xsp)||Skin.SetString(TVWidget1.Label,$LOCALIZE[31179]))</onclick>
				<onclick>SetProperty(Dialog.6.Label,$LOCALIZE[31180])</onclick>
				<onclick>SetProperty(Dialog.6.BuiltIn,Skin.SetString(TVWidget1.List,special://skin/extras/video/ComedyTVShows.xsp)||Skin.SetString(TVWidget1.Label,$LOCALIZE[31180]))</onclick>
				<onclick>SetProperty(Dialog.7.Label,$LOCALIZE[31181])</onclick>
				<onclick>SetProperty(Dialog.7.BuiltIn,Skin.SetString(TVWidget1.List,special://skin/extras/video/SciFiTVShows.xsp)||Skin.SetString(TVWidget1.Label,$LOCALIZE[31181]))</onclick>
				<onclick>SetProperty(Dialog.8.Label,$LOCALIZE[31182])</onclick>
				<onclick>SetProperty(Dialog.8.BuiltIn,Skin.SetString(TVWidget1.List,special://skin/extras/video/TopRatedTVShows.xsp)||Skin.SetString(TVWidget1.Label,$LOCALIZE[31182]))</onclick>
				<onclick>SetProperty(Dialog.9.Label,$LOCALIZE[20012])</onclick>
				<onclick>SetProperty(Dialog.9.BuiltIn,Skin.SetFile(TVWidget1.List,.xsp,special://videoplaylists/)||Skin.SetString(TVWidget1.Label,$LOCALIZE[20012]))</onclick>
				<onclick>SetProperty(Dialog.10.Label,$LOCALIZE[1036])</onclick>
				<onclick>SetProperty(Dialog.10.BuiltIn,RunScript(script.favourites,property=TVWidget1))</onclick>
				<onclick>SetProperty(Dialog.11.Label,$LOCALIZE[192])</onclick>
				<onclick>SetProperty(Dialog.11.BuiltIn,Skin.Reset(TVWidget1.Label)||Skin.Reset(TVWidget1.List))</onclick>
				<onclick>RunScript(script.toolbox,info=selectdialog,header=$LOCALIZE[31080] 1)</onclick>
			</item>
			<item>
				<label>$LOCALIZE[31080] 2</label>
				<onclick>SetProperty(Dialog.NumItems,11)</onclick>
				<onclick>SetProperty(Dialog.1.Label,$LOCALIZE[31175])</onclick>
				<onclick>SetProperty(Dialog.1.BuiltIn,Skin.SetString(TVWidget2.List,special://skin/extras/video/RecentlyUpdatedTVShows.xsp)||Skin.SetString(TVWidget2.Label,$LOCALIZE[31175]))</onclick>
				<onclick>SetProperty(Dialog.2.Label,$LOCALIZE[31176])</onclick>
				<onclick>SetProperty(Dialog.2.BuiltIn,Skin.SetString(TVWidget2.List,special://skin/extras/video/YourTVShows.xsp)||Skin.SetString(TVWidget2.Label,$LOCALIZE[31176]))</onclick>
				<onclick>SetProperty(Dialog.3.Label,$LOCALIZE[31177])</onclick>
				<onclick>SetProperty(Dialog.3.BuiltIn,Skin.SetString(TVWidget2.List,special://skin/extras/video/InProgressTVShows.xsp)||Skin.SetString(TVWidget2.Label,$LOCALIZE[31177]))</onclick>
				<onclick>SetProperty(Dialog.4.Label,$LOCALIZE[31178])</onclick>
				<onclick>SetProperty(Dialog.4.BuiltIn,Skin.SetString(TVWidget2.List,special://skin/extras/video/KidsTVShows.xsp)||Skin.SetString(TVWidget2.Label,$LOCALIZE[31178]))</onclick>
				<onclick>SetProperty(Dialog.5.Label,$LOCALIZE[31179])</onclick>
				<onclick>SetProperty(Dialog.5.BuiltIn,Skin.SetString(TVWidget2.List,special://skin/extras/video/ActionAdventureTVShows.xsp)||Skin.SetString(TVWidget2.Label,$LOCALIZE[31179]))</onclick>
				<onclick>SetProperty(Dialog.6.Label,$LOCALIZE[31180])</onclick>
				<onclick>SetProperty(Dialog.6.BuiltIn,Skin.SetString(TVWidget2.List,special://skin/extras/video/ComedyTVShows.xsp)||Skin.SetString(TVWidget2.Label,$LOCALIZE[31180]))</onclick>
				<onclick>SetProperty(Dialog.7.Label,$LOCALIZE[31181])</onclick>
				<onclick>SetProperty(Dialog.7.BuiltIn,Skin.SetString(TVWidget2.List,special://skin/extras/video/SciFiTVShows.xsp)||Skin.SetString(TVWidget2.Label,$LOCALIZE[31181]))</onclick>
				<onclick>SetProperty(Dialog.8.Label,$LOCALIZE[31182])</onclick>
				<onclick>SetProperty(Dialog.8.BuiltIn,Skin.SetString(TVWidget2.List,special://skin/extras/video/TopRatedTVShows.xsp)||Skin.SetString(TVWidget2.Label,$LOCALIZE[31182]))</onclick>
				<onclick>SetProperty(Dialog.9.Label,$LOCALIZE[20012])</onclick>
				<onclick>SetProperty(Dialog.9.BuiltIn,Skin.SetFile(TVWidget2.List,.xsp,special://videoplaylists/)||Skin.SetString(TVWidget2.Label,$LOCALIZE[20012]))</onclick>
				<onclick>SetProperty(Dialog.10.Label,$LOCALIZE[1036])</onclick>
				<onclick>SetProperty(Dialog.10.BuiltIn,RunScript(script.favourites,property=TVWidget2))</onclick>
				<onclick>SetProperty(Dialog.11.Label,$LOCALIZE[192])</onclick>
				<onclick>SetProperty(Dialog.11.BuiltIn,Skin.Reset(TVWidget2.Label)||Skin.Reset(TVWidget2.List))</onclick>
				<onclick>RunScript(script.toolbox,info=selectdialog,header=$LOCALIZE[31080] 2)</onclick>
			</item>
			<item>
				<label>$LOCALIZE[31080] 3</label>
				<onclick>SetProperty(Dialog.NumItems,11)</onclick>
				<onclick>SetProperty(Dialog.1.Label,$LOCALIZE[31175])</onclick>
				<onclick>SetProperty(Dialog.1.BuiltIn,Skin.SetString(TVWidget3.List,special://skin/extras/video/RecentlyUpdatedTVShows.xsp)||Skin.SetString(TVWidget3.Label,$LOCALIZE[31175]))</onclick>
				<onclick>SetProperty(Dialog.2.Label,$LOCALIZE[31176])</onclick>
				<onclick>SetProperty(Dialog.2.BuiltIn,Skin.SetString(TVWidget3.List,special://skin/extras/video/YourTVShows.xsp)||Skin.SetString(TVWidget3.Label,$LOCALIZE[31176]))</onclick>
				<onclick>SetProperty(Dialog.3.Label,$LOCALIZE[31177])</onclick>
				<onclick>SetProperty(Dialog.3.BuiltIn,Skin.SetString(TVWidget3.List,special://skin/extras/video/InProgressTVShows.xsp)||Skin.SetString(TVWidget3.Label,$LOCALIZE[31177]))</onclick>
				<onclick>SetProperty(Dialog.4.Label,$LOCALIZE[31178])</onclick>
				<onclick>SetProperty(Dialog.4.BuiltIn,Skin.SetString(TVWidget3.List,special://skin/extras/video/KidsTVShows.xsp)||Skin.SetString(TVWidget3.Label,$LOCALIZE[31178]))</onclick>
				<onclick>SetProperty(Dialog.5.Label,$LOCALIZE[31179])</onclick>
				<onclick>SetProperty(Dialog.5.BuiltIn,Skin.SetString(TVWidget3.List,special://skin/extras/video/ActionAdventureTVShows.xsp)||Skin.SetString(TVWidget3.Label,$LOCALIZE[31179]))</onclick>
				<onclick>SetProperty(Dialog.6.Label,$LOCALIZE[31180])</onclick>
				<onclick>SetProperty(Dialog.6.BuiltIn,Skin.SetString(TVWidget3.List,special://skin/extras/video/ComedyTVShows.xsp)||Skin.SetString(TVWidget3.Label,$LOCALIZE[31180]))</onclick>
				<onclick>SetProperty(Dialog.7.Label,$LOCALIZE[31181])</onclick>
				<onclick>SetProperty(Dialog.7.BuiltIn,Skin.SetString(TVWidget3.List,special://skin/extras/video/SciFiTVShows.xsp)||Skin.SetString(TVWidget3.Label,$LOCALIZE[31181]))</onclick>
				<onclick>SetProperty(Dialog.8.Label,$LOCALIZE[31182])</onclick>
				<onclick>SetProperty(Dialog.8.BuiltIn,Skin.SetString(TVWidget3.List,special://skin/extras/video/TopRatedTVShows.xsp)||Skin.SetString(TVWidget3.Label,$LOCALIZE[31182]))</onclick>
				<onclick>SetProperty(Dialog.9.Label,$LOCALIZE[20012])</onclick>
				<onclick>SetProperty(Dialog.9.BuiltIn,Skin.SetFile(TVWidget3.List,.xsp,special://videoplaylists/)||Skin.SetString(TVWidget3.Label,$LOCALIZE[20012]))</onclick>
				<onclick>SetProperty(Dialog.10.Label,$LOCALIZE[1036])</onclick>
				<onclick>SetProperty(Dialog.10.BuiltIn,RunScript(script.favourites,property=TVWidget3))</onclick>
				<onclick>SetProperty(Dialog.11.Label,$LOCALIZE[192])</onclick>
				<onclick>SetProperty(Dialog.11.BuiltIn,Skin.Reset(TVWidget3.Label)||Skin.Reset(TVWidget3.List))</onclick>
				<onclick>RunScript(script.toolbox,info=selectdialog,header=$LOCALIZE[31080] 3)</onclick>
			</item>
			<item>
				<label>$LOCALIZE[31080] 4</label>
				<onclick>SetProperty(Dialog.NumItems,11)</onclick>
				<onclick>SetProperty(Dialog.1.Label,$LOCALIZE[31175])</onclick>
				<onclick>SetProperty(Dialog.1.BuiltIn,Skin.SetString(TVWidget4.List,special://skin/extras/video/RecentlyUpdatedTVShows.xsp)||Skin.SetString(TVWidget4.Label,$LOCALIZE[31175]))</onclick>
				<onclick>SetProperty(Dialog.2.Label,$LOCALIZE[31176])</onclick>
				<onclick>SetProperty(Dialog.2.BuiltIn,Skin.SetString(TVWidget4.List,special://skin/extras/video/YourTVShows.xsp)||Skin.SetString(TVWidget4.Label,$LOCALIZE[31176]))</onclick>
				<onclick>SetProperty(Dialog.3.Label,$LOCALIZE[31177])</onclick>
				<onclick>SetProperty(Dialog.3.BuiltIn,Skin.SetString(TVWidget4.List,special://skin/extras/video/InProgressTVShows.xsp)||Skin.SetString(TVWidget4.Label,$LOCALIZE[31177]))</onclick>
				<onclick>SetProperty(Dialog.4.Label,$LOCALIZE[31178])</onclick>
				<onclick>SetProperty(Dialog.4.BuiltIn,Skin.SetString(TVWidget4.List,special://skin/extras/video/KidsTVShows.xsp)||Skin.SetString(TVWidget4.Label,$LOCALIZE[31178]))</onclick>
				<onclick>SetProperty(Dialog.5.Label,$LOCALIZE[31179])</onclick>
				<onclick>SetProperty(Dialog.5.BuiltIn,Skin.SetString(TVWidget4.List,special://skin/extras/video/ActionAdventureTVShows.xsp)||Skin.SetString(TVWidget4.Label,$LOCALIZE[31179]))</onclick>
				<onclick>SetProperty(Dialog.6.Label,$LOCALIZE[31180])</onclick>
				<onclick>SetProperty(Dialog.6.BuiltIn,Skin.SetString(TVWidget4.List,special://skin/extras/video/ComedyTVShows.xsp)||Skin.SetString(TVWidget4.Label,$LOCALIZE[31180]))</onclick>
				<onclick>SetProperty(Dialog.7.Label,$LOCALIZE[31181])</onclick>
				<onclick>SetProperty(Dialog.7.BuiltIn,Skin.SetString(TVWidget4.List,special://skin/extras/video/SciFiTVShows.xsp)||Skin.SetString(TVWidget4.Label,$LOCALIZE[31181]))</onclick>
				<onclick>SetProperty(Dialog.8.Label,$LOCALIZE[31182])</onclick>
				<onclick>SetProperty(Dialog.8.BuiltIn,Skin.SetString(TVWidget4.List,special://skin/extras/video/TopRatedTVShows.xsp)||Skin.SetString(TVWidget4.Label,$LOCALIZE[31182]))</onclick>
				<onclick>SetProperty(Dialog.9.Label,$LOCALIZE[20012])</onclick>
				<onclick>SetProperty(Dialog.9.BuiltIn,Skin.SetFile(TVWidget4.List,.xsp,special://videoplaylists/)||Skin.SetString(TVWidget4.Label,$LOCALIZE[20012]))</onclick>
				<onclick>SetProperty(Dialog.10.Label,$LOCALIZE[1036])</onclick>
				<onclick>SetProperty(Dialog.10.BuiltIn,RunScript(script.favourites,property=TVWidget4))</onclick>
				<onclick>SetProperty(Dialog.11.Label,$LOCALIZE[192])</onclick>
				<onclick>SetProperty(Dialog.11.BuiltIn,Skin.Reset(TVWidget4.Label)||Skin.Reset(TVWidget4.List))</onclick>
				<onclick>RunScript(script.toolbox,info=selectdialog,header=$LOCALIZE[31080] 4)</onclick>
			</item>
			<item>
				<label>$LOCALIZE[31080] 5</label>
				<onclick>SetProperty(Dialog.NumItems,11)</onclick>
				<onclick>SetProperty(Dialog.1.Label,$LOCALIZE[31175])</onclick>
				<onclick>SetProperty(Dialog.1.BuiltIn,Skin.SetString(TVWidget5.List,special://skin/extras/video/RecentlyUpdatedTVShows.xsp)||Skin.SetString(TVWidget5.Label,$LOCALIZE[31175]))</onclick>
				<onclick>SetProperty(Dialog.2.Label,$LOCALIZE[31176])</onclick>
				<onclick>SetProperty(Dialog.2.BuiltIn,Skin.SetString(TVWidget5.List,special://skin/extras/video/YourTVShows.xsp)||Skin.SetString(TVWidget5.Label,$LOCALIZE[31176]))</onclick>
				<onclick>SetProperty(Dialog.3.Label,$LOCALIZE[31177])</onclick>
				<onclick>SetProperty(Dialog.3.BuiltIn,Skin.SetString(TVWidget5.List,special://skin/extras/video/InProgressTVShows.xsp)||Skin.SetString(TVWidget5.Label,$LOCALIZE[31177]))</onclick>
				<onclick>SetProperty(Dialog.4.Label,$LOCALIZE[31178])</onclick>
				<onclick>SetProperty(Dialog.4.BuiltIn,Skin.SetString(TVWidget5.List,special://skin/extras/video/KidsTVShows.xsp)||Skin.SetString(TVWidget5.Label,$LOCALIZE[31178]))</onclick>
				<onclick>SetProperty(Dialog.5.Label,$LOCALIZE[31179])</onclick>
				<onclick>SetProperty(Dialog.5.BuiltIn,Skin.SetString(TVWidget5.List,special://skin/extras/video/ActionAdventureTVShows.xsp)||Skin.SetString(TVWidget5.Label,$LOCALIZE[31179]))</onclick>
				<onclick>SetProperty(Dialog.6.Label,$LOCALIZE[31180])</onclick>
				<onclick>SetProperty(Dialog.6.BuiltIn,Skin.SetString(TVWidget5.List,special://skin/extras/video/ComedyTVShows.xsp)||Skin.SetString(TVWidget5.Label,$LOCALIZE[31180]))</onclick>
				<onclick>SetProperty(Dialog.7.Label,$LOCALIZE[31181])</onclick>
				<onclick>SetProperty(Dialog.7.BuiltIn,Skin.SetString(TVWidget5.List,special://skin/extras/video/SciFiTVShows.xsp)||Skin.SetString(TVWidget5.Label,$LOCALIZE[31181]))</onclick>
				<onclick>SetProperty(Dialog.8.Label,$LOCALIZE[31182])</onclick>
				<onclick>SetProperty(Dialog.8.BuiltIn,Skin.SetString(TVWidget5.List,special://skin/extras/video/TopRatedTVShows.xsp)||Skin.SetString(TVWidget5.Label,$LOCALIZE[31182]))</onclick>
				<onclick>SetProperty(Dialog.9.Label,$LOCALIZE[20012])</onclick>
				<onclick>SetProperty(Dialog.9.BuiltIn,Skin.SetFile(TVWidget5.List,.xsp,special://videoplaylists/)||Skin.SetString(TVWidget5.Label,$LOCALIZE[20012]))</onclick>
				<onclick>SetProperty(Dialog.10.Label,$LOCALIZE[1036])</onclick>
				<onclick>SetProperty(Dialog.10.BuiltIn,RunScript(script.favourites,property=TVWidget5))</onclick>
				<onclick>SetProperty(Dialog.11.Label,$LOCALIZE[192])</onclick>
				<onclick>SetProperty(Dialog.11.BuiltIn,Skin.Reset(TVWidget5.Label)||Skin.Reset(TVWidget5.List))</onclick>
				<onclick>RunScript(script.toolbox,info=selectdialog,header=$LOCALIZE[31080] 5)</onclick>
			</item>
			<item>
				<label>$LOCALIZE[31080] 6</label>
				<onclick>SetProperty(Dialog.NumItems,11)</onclick>
				<onclick>SetProperty(Dialog.1.Label,$LOCALIZE[31175])</onclick>
				<onclick>SetProperty(Dialog.1.BuiltIn,Skin.SetString(TVWidget6.List,special://skin/extras/video/RecentlyUpdatedTVShows.xsp)||Skin.SetString(TVWidget6.Label,$LOCALIZE[31175]))</onclick>
				<onclick>SetProperty(Dialog.2.Label,$LOCALIZE[31176])</onclick>
				<onclick>SetProperty(Dialog.2.BuiltIn,Skin.SetString(TVWidget6.List,special://skin/extras/video/YourTVShows.xsp)||Skin.SetString(TVWidget6.Label,$LOCALIZE[31176]))</onclick>
				<onclick>SetProperty(Dialog.3.Label,$LOCALIZE[31177])</onclick>
				<onclick>SetProperty(Dialog.3.BuiltIn,Skin.SetString(TVWidget6.List,special://skin/extras/video/InProgressTVShows.xsp)||Skin.SetString(TVWidget6.Label,$LOCALIZE[31177]))</onclick>
				<onclick>SetProperty(Dialog.4.Label,$LOCALIZE[31178])</onclick>
				<onclick>SetProperty(Dialog.4.BuiltIn,Skin.SetString(TVWidget6.List,special://skin/extras/video/KidsTVShows.xsp)||Skin.SetString(TVWidget6.Label,$LOCALIZE[31178]))</onclick>
				<onclick>SetProperty(Dialog.5.Label,$LOCALIZE[31179])</onclick>
				<onclick>SetProperty(Dialog.5.BuiltIn,Skin.SetString(TVWidget6.List,special://skin/extras/video/ActionAdventureTVShows.xsp)||Skin.SetString(TVWidget6.Label,$LOCALIZE[31179]))</onclick>
				<onclick>SetProperty(Dialog.6.Label,$LOCALIZE[31180])</onclick>
				<onclick>SetProperty(Dialog.6.BuiltIn,Skin.SetString(TVWidget6.List,special://skin/extras/video/ComedyTVShows.xsp)||Skin.SetString(TVWidget6.Label,$LOCALIZE[31180]))</onclick>
				<onclick>SetProperty(Dialog.7.Label,$LOCALIZE[31181])</onclick>
				<onclick>SetProperty(Dialog.7.BuiltIn,Skin.SetString(TVWidget6.List,special://skin/extras/video/SciFiTVShows.xsp)||Skin.SetString(TVWidget6.Label,$LOCALIZE[31181]))</onclick>
				<onclick>SetProperty(Dialog.8.Label,$LOCALIZE[31182])</onclick>
				<onclick>SetProperty(Dialog.8.BuiltIn,Skin.SetString(TVWidget6.List,special://skin/extras/video/TopRatedTVShows.xsp)||Skin.SetString(TVWidget6.Label,$LOCALIZE[31182]))</onclick>
				<onclick>SetProperty(Dialog.9.Label,$LOCALIZE[20012])</onclick>
				<onclick>SetProperty(Dialog.9.BuiltIn,Skin.SetFile(TVWidget6.List,.xsp,special://videoplaylists/)||Skin.SetString(TVWidget6.Label,$LOCALIZE[20012]))</onclick>
				<onclick>SetProperty(Dialog.10.Label,$LOCALIZE[1036])</onclick>
				<onclick>SetProperty(Dialog.10.BuiltIn,RunScript(script.favourites,property=TVWidget6))</onclick>
				<onclick>SetProperty(Dialog.11.Label,$LOCALIZE[192])</onclick>
				<onclick>SetProperty(Dialog.11.BuiltIn,Skin.Reset(TVWidget6.Label)||Skin.Reset(TVWidget6.List))</onclick>
				<onclick>RunScript(script.toolbox,info=selectdialog,header=$LOCALIZE[31080] 6)</onclick>
			</item>
			<item>
				<label>$LOCALIZE[31080] 7</label>
				<onclick>SetProperty(Dialog.NumItems,11)</onclick>
				<onclick>SetProperty(Dialog.1.Label,$LOCALIZE[31175])</onclick>
				<onclick>SetProperty(Dialog.1.BuiltIn,Skin.SetString(TVWidget7.List,special://skin/extras/video/RecentlyUpdatedTVShows.xsp)||Skin.SetString(TVWidget7.Label,$LOCALIZE[31175]))</onclick>
				<onclick>SetProperty(Dialog.2.Label,$LOCALIZE[31176])</onclick>
				<onclick>SetProperty(Dialog.2.BuiltIn,Skin.SetString(TVWidget7.List,special://skin/extras/video/YourTVShows.xsp)||Skin.SetString(TVWidget7.Label,$LOCALIZE[31176]))</onclick>
				<onclick>SetProperty(Dialog.3.Label,$LOCALIZE[31177])</onclick>
				<onclick>SetProperty(Dialog.3.BuiltIn,Skin.SetString(TVWidget7.List,special://skin/extras/video/InProgressTVShows.xsp)||Skin.SetString(TVWidget7.Label,$LOCALIZE[31177]))</onclick>
				<onclick>SetProperty(Dialog.4.Label,$LOCALIZE[31178])</onclick>
				<onclick>SetProperty(Dialog.4.BuiltIn,Skin.SetString(TVWidget7.List,special://skin/extras/video/KidsTVShows.xsp)||Skin.SetString(TVWidget7.Label,$LOCALIZE[31178]))</onclick>
				<onclick>SetProperty(Dialog.5.Label,$LOCALIZE[31179])</onclick>
				<onclick>SetProperty(Dialog.5.BuiltIn,Skin.SetString(TVWidget7.List,special://skin/extras/video/ActionAdventureTVShows.xsp)||Skin.SetString(TVWidget7.Label,$LOCALIZE[31179]))</onclick>
				<onclick>SetProperty(Dialog.6.Label,$LOCALIZE[31180])</onclick>
				<onclick>SetProperty(Dialog.6.BuiltIn,Skin.SetString(TVWidget7.List,special://skin/extras/video/ComedyTVShows.xsp)||Skin.SetString(TVWidget7.Label,$LOCALIZE[31180]))</onclick>
				<onclick>SetProperty(Dialog.7.Label,$LOCALIZE[31181])</onclick>
				<onclick>SetProperty(Dialog.7.BuiltIn,Skin.SetString(TVWidget7.List,special://skin/extras/video/SciFiTVShows.xsp)||Skin.SetString(TVWidget7.Label,$LOCALIZE[31181]))</onclick>
				<onclick>SetProperty(Dialog.8.Label,$LOCALIZE[31182])</onclick>
				<onclick>SetProperty(Dialog.8.BuiltIn,Skin.SetString(TVWidget7.List,special://skin/extras/video/TopRatedTVShows.xsp)||Skin.SetString(TVWidget7.Label,$LOCALIZE[31182]))</onclick>
				<onclick>SetProperty(Dialog.9.Label,$LOCALIZE[20012])</onclick>
				<onclick>SetProperty(Dialog.9.BuiltIn,Skin.SetFile(TVWidget7.List,.xsp,special://videoplaylists/)||Skin.SetString(TVWidget7.Label,$LOCALIZE[20012]))</onclick>
				<onclick>SetProperty(Dialog.10.Label,$LOCALIZE[1036])</onclick>
				<onclick>SetProperty(Dialog.10.BuiltIn,RunScript(script.favourites,property=TVWidget7))</onclick>
				<onclick>SetProperty(Dialog.11.Label,$LOCALIZE[192])</onclick>
				<onclick>SetProperty(Dialog.11.BuiltIn,Skin.Reset(TVWidget7.Label)||Skin.Reset(TVWidget7.List))</onclick>
				<onclick>RunScript(script.toolbox,info=selectdialog,header=$LOCALIZE[31080] 7)</onclick>
			</item>
			<item>
				<label>$LOCALIZE[31080] 8</label>
				<onclick>SetProperty(Dialog.NumItems,11)</onclick>
				<onclick>SetProperty(Dialog.1.Label,$LOCALIZE[31175])</onclick>
				<onclick>SetProperty(Dialog.1.BuiltIn,Skin.SetString(TVWidget8.List,special://skin/extras/video/RecentlyUpdatedTVShows.xsp)||Skin.SetString(TVWidget8.Label,$LOCALIZE[31175]))</onclick>
				<onclick>SetProperty(Dialog.2.Label,$LOCALIZE[31176])</onclick>
				<onclick>SetProperty(Dialog.2.BuiltIn,Skin.SetString(TVWidget8.List,special://skin/extras/video/YourTVShows.xsp)||Skin.SetString(TVWidget8.Label,$LOCALIZE[31176]))</onclick>
				<onclick>SetProperty(Dialog.3.Label,$LOCALIZE[31177])</onclick>
				<onclick>SetProperty(Dialog.3.BuiltIn,Skin.SetString(TVWidget8.List,special://skin/extras/video/InProgressTVShows.xsp)||Skin.SetString(TVWidget8.Label,$LOCALIZE[31177]))</onclick>
				<onclick>SetProperty(Dialog.4.Label,$LOCALIZE[31178])</onclick>
				<onclick>SetProperty(Dialog.4.BuiltIn,Skin.SetString(TVWidget8.List,special://skin/extras/video/KidsTVShows.xsp)||Skin.SetString(TVWidget8.Label,$LOCALIZE[31178]))</onclick>
				<onclick>SetProperty(Dialog.5.Label,$LOCALIZE[31179])</onclick>
				<onclick>SetProperty(Dialog.5.BuiltIn,Skin.SetString(TVWidget8.List,special://skin/extras/video/ActionAdventureTVShows.xsp)||Skin.SetString(TVWidget8.Label,$LOCALIZE[31179]))</onclick>
				<onclick>SetProperty(Dialog.6.Label,$LOCALIZE[31180])</onclick>
				<onclick>SetProperty(Dialog.6.BuiltIn,Skin.SetString(TVWidget8.List,special://skin/extras/video/ComedyTVShows.xsp)||Skin.SetString(TVWidget8.Label,$LOCALIZE[31180]))</onclick>
				<onclick>SetProperty(Dialog.7.Label,$LOCALIZE[31181])</onclick>
				<onclick>SetProperty(Dialog.7.BuiltIn,Skin.SetString(TVWidget8.List,special://skin/extras/video/SciFiTVShows.xsp)||Skin.SetString(TVWidget8.Label,$LOCALIZE[31181]))</onclick>
				<onclick>SetProperty(Dialog.8.Label,$LOCALIZE[31182])</onclick>
				<onclick>SetProperty(Dialog.8.BuiltIn,Skin.SetString(TVWidget8.List,special://skin/extras/video/TopRatedTVShows.xsp)||Skin.SetString(TVWidget8.Label,$LOCALIZE[31182]))</onclick>
				<onclick>SetProperty(Dialog.9.Label,$LOCALIZE[20012])</onclick>
				<onclick>SetProperty(Dialog.9.BuiltIn,Skin.SetFile(TVWidget8.List,.xsp,special://videoplaylists/)||Skin.SetString(TVWidget8.Label,$LOCALIZE[20012]))</onclick>
				<onclick>SetProperty(Dialog.10.Label,$LOCALIZE[1036])</onclick>
				<onclick>SetProperty(Dialog.10.BuiltIn,RunScript(script.favourites,property=TVWidget8))</onclick>
				<onclick>SetProperty(Dialog.11.Label,$LOCALIZE[192])</onclick>
				<onclick>SetProperty(Dialog.11.BuiltIn,Skin.Reset(TVWidget8.Label)||Skin.Reset(TVWidget8.List))</onclick>
				<onclick>RunScript(script.toolbox,info=selectdialog,header=$LOCALIZE[31080] 8)</onclick>
			</item>
		</content>
	</include>
	<!-- $LOCALIZE[31080] Label -->
	<include name="TVWidgetLabel">
		<content>
			<item>
				<label>$INFO[Skin.String(TVWidget1.Label)]</label>
				<onclick>Skin.SetString(TVWidget1.Label)</onclick>
			</item>
			<item>
				<label>$INFO[Skin.String(TVWidget2.Label)]</label>
				<onclick>Skin.SetString(TVWidget2.Label)</onclick>
			</item>
			<item>
				<label>$INFO[Skin.String(TVWidget3.Label)]</label>
				<onclick>Skin.SetString(TVWidget3.Label)</onclick>
			</item>
			<item>
				<label>$INFO[Skin.String(TVWidget4.Label)]</label>
				<onclick>Skin.SetString(TVWidget4.Label)</onclick>
			</item>
			<item>
				<label>$INFO[Skin.String(TVWidget5.Label)]</label>
				<onclick>Skin.SetString(TVWidget5.Label)</onclick>
			</item>
			<item>
				<label>$INFO[Skin.String(TVWidget6.Label)]</label>
				<onclick>Skin.SetString(TVWidget6.Label)</onclick>
			</item>
			<item>
				<label>$INFO[Skin.String(TVWidget7.Label)]</label>
				<onclick>Skin.SetString(TVWidget7.Label)</onclick>
			</item>
			<item>
				<label>$INFO[Skin.String(TVWidget8.Label)]</label>
				<onclick>Skin.SetString(TVWidget8.Label)</onclick>
			</item>
		</content>
	</include>
	<!-- $LOCALIZE[31080] List -->
	<include name="TVWidgetList">
		<content>
			<item>
				<label>$INFO[Skin.String(TVWidget1.List)]</label>
				<onclick>Skin.SetString(TVWidget1.List)</onclick>
			</item>
			<item>
				<label>$INFO[Skin.String(TVWidget2.List)]</label>
				<onclick>Skin.SetString(TVWidget2.List)</onclick>
			</item>
			<item>
				<label>$INFO[Skin.String(TVWidget3.List)]</label>
				<onclick>Skin.SetString(TVWidget3.List)</onclick>
			</item>
			<item>
				<label>$INFO[Skin.String(TVWidget4.List)]</label>
				<onclick>Skin.SetString(TVWidget4.List)</onclick>
			</item>
			<item>
				<label>$INFO[Skin.String(TVWidget5.List)]</label>
				<onclick>Skin.SetString(TVWidget5.List)</onclick>
			</item>
			<item>
				<label>$INFO[Skin.String(TVWidget6.List)]</label>
				<onclick>Skin.SetString(TVWidget6.List)</onclick>
			</item>
			<item>
				<label>$INFO[Skin.String(TVWidget7.List)]</label>
				<onclick>Skin.SetString(TVWidget7.List)</onclick>
			</item>
			<item>
				<label>$INFO[Skin.String(TVWidget8.List)]</label>
				<onclick>Skin.SetString(TVWidget8.List)</onclick>
			</item>
		</content>
	</include>
	<!-- Music Widget Type -->
	<include name="MusicWidgetType">
		<content>
			<item>
				<label>$LOCALIZE[31081] 1</label>
				<onclick>SetProperty(Dialog.NumItems,11)</onclick>
				<onclick>SetProperty(Dialog.1.Label,$LOCALIZE[31183])</onclick>
				<onclick>SetProperty(Dialog.1.BuiltIn,Skin.SetString(MusicWidget1.List,musicdb://recentlyplayedalbums/)||Skin.SetString(MusicWidget1.Label,$LOCALIZE[31183]))</onclick>
				<onclick>SetProperty(Dialog.2.Label,$LOCALIZE[31184])</onclick>
				<onclick>SetProperty(Dialog.2.BuiltIn,Skin.SetString(MusicWidget1.List,musicdb://albums/)||Skin.SetString(MusicWidget1.Label,$LOCALIZE[31184]))</onclick>
				<onclick>SetProperty(Dialog.3.Label,$LOCALIZE[31185])</onclick>
				<onclick>SetProperty(Dialog.3.BuiltIn,Skin.SetString(MusicWidget1.List,musicdb://recentlyaddedalbums/)||Skin.SetString(MusicWidget1.Label,$LOCALIZE[31185]))</onclick>
				<onclick>SetProperty(Dialog.4.Label,$LOCALIZE[31186])</onclick>
				<onclick>SetProperty(Dialog.4.BuiltIn,Skin.SetString(MusicWidget1.List,musicdb://artists/)||Skin.SetString(MusicWidget1.Label,$LOCALIZE[31186]))</onclick>
				<onclick>SetProperty(Dialog.5.Label,$LOCALIZE[31187])</onclick>
				<onclick>SetProperty(Dialog.5.BuiltIn,Skin.SetString(MusicWidget1.List,musicdb://genres/)||Skin.SetString(MusicWidget1.Label,$LOCALIZE[31187]))</onclick>
				<onclick>SetProperty(Dialog.6.Label,$LOCALIZE[31188])</onclick>
				<onclick>SetProperty(Dialog.6.BuiltIn,Skin.SetString(MusicWidget1.List,musicdb://top100/albums/)||Skin.SetString(MusicWidget1.Label,$LOCALIZE[31188]))</onclick>
				<onclick>SetProperty(Dialog.7.Label,$LOCALIZE[31189])</onclick>
				<onclick>SetProperty(Dialog.7.BuiltIn,Skin.SetString(MusicWidget1.List,musicdb://top100/songs/)||Skin.SetString(MusicWidget1.Label,$LOCALIZE[31189]))</onclick>
				<onclick>SetProperty(Dialog.8.Label,$LOCALIZE[31190])</onclick>
				<onclick>SetProperty(Dialog.8.BuiltIn,Skin.SetString(MusicWidget1.List,musicdb://songs/)||Skin.SetString(MusicWidget1.Label,$LOCALIZE[31190]))</onclick>
				<onclick>SetProperty(Dialog.9.Label,$LOCALIZE[20011])</onclick>
				<onclick>SetProperty(Dialog.9.BuiltIn,Skin.SetFile(MusicWidget1.List,.xsp,special://musicplaylists/)||Skin.SetString(MusicWidget1.Label,$LOCALIZE[20011]))</onclick>
				<onclick>SetProperty(Dialog.10.Label,$LOCALIZE[1036])</onclick>
				<onclick>SetProperty(Dialog.10.BuiltIn,RunScript(script.favourites,property=MusicWidget1))</onclick>
				<onclick>SetProperty(Dialog.11.Label,$LOCALIZE[192])</onclick>
				<onclick>SetProperty(Dialog.11.BuiltIn,Skin.Reset(MusicWidget1.Label)||Skin.Reset(MusicWidget1.List))</onclick>
				<onclick>RunScript(script.toolbox,info=selectdialog,header=$LOCALIZE[31081] 1)</onclick>
			</item>
			<item>
				<label>$LOCALIZE[31081] 2</label>
				<onclick>SetProperty(Dialog.NumItems,11)</onclick>
				<onclick>SetProperty(Dialog.1.Label,$LOCALIZE[31183])</onclick>
				<onclick>SetProperty(Dialog.1.BuiltIn,Skin.SetString(MusicWidget2.List,musicdb://recentlyplayedalbums/)||Skin.SetString(MusicWidget2.Label,$LOCALIZE[31183]))</onclick>
				<onclick>SetProperty(Dialog.2.Label,$LOCALIZE[31184])</onclick>
				<onclick>SetProperty(Dialog.2.BuiltIn,Skin.SetString(MusicWidget2.List,musicdb://albums/)||Skin.SetString(MusicWidget2.Label,$LOCALIZE[31184]))</onclick>
				<onclick>SetProperty(Dialog.3.Label,$LOCALIZE[31185])</onclick>
				<onclick>SetProperty(Dialog.3.BuiltIn,Skin.SetString(MusicWidget2.List,musicdb://recentlyaddedalbums/)||Skin.SetString(MusicWidget2.Label,$LOCALIZE[31185]))</onclick>
				<onclick>SetProperty(Dialog.4.Label,$LOCALIZE[31186])</onclick>
				<onclick>SetProperty(Dialog.4.BuiltIn,Skin.SetString(MusicWidget2.List,musicdb://artists/)||Skin.SetString(MusicWidget2.Label,$LOCALIZE[31186]))</onclick>
				<onclick>SetProperty(Dialog.5.Label,$LOCALIZE[31187])</onclick>
				<onclick>SetProperty(Dialog.5.BuiltIn,Skin.SetString(MusicWidget2.List,musicdb://genres/)||Skin.SetString(MusicWidget2.Label,$LOCALIZE[31187]))</onclick>
				<onclick>SetProperty(Dialog.6.Label,$LOCALIZE[31188])</onclick>
				<onclick>SetProperty(Dialog.6.BuiltIn,Skin.SetString(MusicWidget2.List,musicdb://top100/albums/)||Skin.SetString(MusicWidget2.Label,$LOCALIZE[31188]))</onclick>
				<onclick>SetProperty(Dialog.7.Label,$LOCALIZE[31189])</onclick>
				<onclick>SetProperty(Dialog.7.BuiltIn,Skin.SetString(MusicWidget2.List,musicdb://top100/songs/)||Skin.SetString(MusicWidget2.Label,$LOCALIZE[31189]))</onclick>
				<onclick>SetProperty(Dialog.8.Label,$LOCALIZE[31190])</onclick>
				<onclick>SetProperty(Dialog.8.BuiltIn,Skin.SetString(MusicWidget2.List,musicdb://songs/)||Skin.SetString(MusicWidget2.Label,$LOCALIZE[31190]))</onclick>
				<onclick>SetProperty(Dialog.9.Label,$LOCALIZE[20011])</onclick>
				<onclick>SetProperty(Dialog.9.BuiltIn,Skin.SetFile(MusicWidget2.List,.xsp,special://musicplaylists/)||Skin.SetString(MusicWidget2.Label,$LOCALIZE[20011]))</onclick>
				<onclick>SetProperty(Dialog.10.Label,$LOCALIZE[1036])</onclick>
				<onclick>SetProperty(Dialog.10.BuiltIn,RunScript(script.favourites,property=MusicWidget2))</onclick>
				<onclick>SetProperty(Dialog.11.Label,$LOCALIZE[192])</onclick>
				<onclick>SetProperty(Dialog.11.BuiltIn,Skin.Reset(MusicWidget2.Label)||Skin.Reset(MusicWidget2.List))</onclick>
				<onclick>RunScript(script.toolbox,info=selectdialog,header=$LOCALIZE[31081] 2)</onclick>
			</item>
			<item>
				<label>$LOCALIZE[31081] 3</label>
				<onclick>SetProperty(Dialog.NumItems,11)</onclick>
				<onclick>SetProperty(Dialog.1.Label,$LOCALIZE[31183])</onclick>
				<onclick>SetProperty(Dialog.1.BuiltIn,Skin.SetString(MusicWidget3.List,musicdb://recentlyplayedalbums/)||Skin.SetString(MusicWidget3.Label,$LOCALIZE[31183]))</onclick>
				<onclick>SetProperty(Dialog.2.Label,$LOCALIZE[31184])</onclick>
				<onclick>SetProperty(Dialog.2.BuiltIn,Skin.SetString(MusicWidget3.List,musicdb://albums/)||Skin.SetString(MusicWidget3.Label,$LOCALIZE[31184]))</onclick>
				<onclick>SetProperty(Dialog.3.Label,$LOCALIZE[31185])</onclick>
				<onclick>SetProperty(Dialog.3.BuiltIn,Skin.SetString(MusicWidget3.List,musicdb://recentlyaddedalbums/)||Skin.SetString(MusicWidget3.Label,$LOCALIZE[31185]))</onclick>
				<onclick>SetProperty(Dialog.4.Label,$LOCALIZE[31186])</onclick>
				<onclick>SetProperty(Dialog.4.BuiltIn,Skin.SetString(MusicWidget3.List,musicdb://artists/)||Skin.SetString(MusicWidget3.Label,$LOCALIZE[31186]))</onclick>
				<onclick>SetProperty(Dialog.5.Label,$LOCALIZE[31187])</onclick>
				<onclick>SetProperty(Dialog.5.BuiltIn,Skin.SetString(MusicWidget3.List,musicdb://genres/)||Skin.SetString(MusicWidget3.Label,$LOCALIZE[31187]))</onclick>
				<onclick>SetProperty(Dialog.6.Label,$LOCALIZE[31188])</onclick>
				<onclick>SetProperty(Dialog.6.BuiltIn,Skin.SetString(MusicWidget3.List,musicdb://top100/albums/)||Skin.SetString(MusicWidget3.Label,$LOCALIZE[31188]))</onclick>
				<onclick>SetProperty(Dialog.7.Label,$LOCALIZE[31189])</onclick>
				<onclick>SetProperty(Dialog.7.BuiltIn,Skin.SetString(MusicWidget3.List,musicdb://top100/songs/)||Skin.SetString(MusicWidget3.Label,$LOCALIZE[31189]))</onclick>
				<onclick>SetProperty(Dialog.8.Label,$LOCALIZE[31190])</onclick>
				<onclick>SetProperty(Dialog.8.BuiltIn,Skin.SetString(MusicWidget3.List,musicdb://songs/)||Skin.SetString(MusicWidget3.Label,$LOCALIZE[31190]))</onclick>
				<onclick>SetProperty(Dialog.9.Label,$LOCALIZE[20011])</onclick>
				<onclick>SetProperty(Dialog.9.BuiltIn,Skin.SetFile(MusicWidget3.List,.xsp,special://musicplaylists/)||Skin.SetString(MusicWidget3.Label,$LOCALIZE[20011]))</onclick>
				<onclick>SetProperty(Dialog.10.Label,$LOCALIZE[1036])</onclick>
				<onclick>SetProperty(Dialog.10.BuiltIn,RunScript(script.favourites,property=MusicWidget3))</onclick>
				<onclick>SetProperty(Dialog.11.Label,$LOCALIZE[192])</onclick>
				<onclick>SetProperty(Dialog.11.BuiltIn,Skin.Reset(MusicWidget3.Label)||Skin.Reset(MusicWidget3.List))</onclick>
				<onclick>RunScript(script.toolbox,info=selectdialog,header=$LOCALIZE[31081] 3)</onclick>
			</item>
			<item>
				<label>$LOCALIZE[31081] 4</label>
				<onclick>SetProperty(Dialog.NumItems,11)</onclick>
				<onclick>SetProperty(Dialog.1.Label,$LOCALIZE[31183])</onclick>
				<onclick>SetProperty(Dialog.1.BuiltIn,Skin.SetString(MusicWidget4.List,musicdb://recentlyplayedalbums/)||Skin.SetString(MusicWidget4.Label,$LOCALIZE[31183]))</onclick>
				<onclick>SetProperty(Dialog.2.Label,$LOCALIZE[31184])</onclick>
				<onclick>SetProperty(Dialog.2.BuiltIn,Skin.SetString(MusicWidget4.List,musicdb://albums/)||Skin.SetString(MusicWidget4.Label,$LOCALIZE[31184]))</onclick>
				<onclick>SetProperty(Dialog.3.Label,$LOCALIZE[31185])</onclick>
				<onclick>SetProperty(Dialog.3.BuiltIn,Skin.SetString(MusicWidget4.List,musicdb://recentlyaddedalbums/)||Skin.SetString(MusicWidget4.Label,$LOCALIZE[31185]))</onclick>
				<onclick>SetProperty(Dialog.4.Label,$LOCALIZE[31186])</onclick>
				<onclick>SetProperty(Dialog.4.BuiltIn,Skin.SetString(MusicWidget4.List,musicdb://artists/)||Skin.SetString(MusicWidget4.Label,$LOCALIZE[31186]))</onclick>
				<onclick>SetProperty(Dialog.5.Label,$LOCALIZE[31187])</onclick>
				<onclick>SetProperty(Dialog.5.BuiltIn,Skin.SetString(MusicWidget4.List,musicdb://genres/)||Skin.SetString(MusicWidget4.Label,$LOCALIZE[31187]))</onclick>
				<onclick>SetProperty(Dialog.6.Label,$LOCALIZE[31188])</onclick>
				<onclick>SetProperty(Dialog.6.BuiltIn,Skin.SetString(MusicWidget4.List,musicdb://top100/albums/)||Skin.SetString(MusicWidget4.Label,$LOCALIZE[31188]))</onclick>
				<onclick>SetProperty(Dialog.7.Label,$LOCALIZE[31189])</onclick>
				<onclick>SetProperty(Dialog.7.BuiltIn,Skin.SetString(MusicWidget4.List,musicdb://top100/songs/)||Skin.SetString(MusicWidget4.Label,$LOCALIZE[31189]))</onclick>
				<onclick>SetProperty(Dialog.8.Label,$LOCALIZE[31190])</onclick>
				<onclick>SetProperty(Dialog.8.BuiltIn,Skin.SetString(MusicWidget4.List,musicdb://songs/)||Skin.SetString(MusicWidget4.Label,$LOCALIZE[31190]))</onclick>
				<onclick>SetProperty(Dialog.9.Label,$LOCALIZE[20011])</onclick>
				<onclick>SetProperty(Dialog.9.BuiltIn,Skin.SetFile(MusicWidget4.List,.xsp,special://musicplaylists/)||Skin.SetString(MusicWidget4.Label,$LOCALIZE[20011]))</onclick>
				<onclick>SetProperty(Dialog.10.Label,$LOCALIZE[1036])</onclick>
				<onclick>SetProperty(Dialog.10.BuiltIn,RunScript(script.favourites,property=MusicWidget4))</onclick>
				<onclick>SetProperty(Dialog.11.Label,$LOCALIZE[192])</onclick>
				<onclick>SetProperty(Dialog.11.BuiltIn,Skin.Reset(MusicWidget4.Label)||Skin.Reset(MusicWidget4.List))</onclick>
				<onclick>RunScript(script.toolbox,info=selectdialog,header=$LOCALIZE[31081] 4)</onclick>
			</item>
			<item>
				<label>$LOCALIZE[31081] 5</label>
				<onclick>SetProperty(Dialog.NumItems,11)</onclick>
				<onclick>SetProperty(Dialog.1.Label,$LOCALIZE[31183])</onclick>
				<onclick>SetProperty(Dialog.1.BuiltIn,Skin.SetString(MusicWidget5.List,musicdb://recentlyplayedalbums/)||Skin.SetString(MusicWidget5.Label,$LOCALIZE[31183]))</onclick>
				<onclick>SetProperty(Dialog.2.Label,$LOCALIZE[31184])</onclick>
				<onclick>SetProperty(Dialog.2.BuiltIn,Skin.SetString(MusicWidget5.List,musicdb://albums/)||Skin.SetString(MusicWidget5.Label,$LOCALIZE[31184]))</onclick>
				<onclick>SetProperty(Dialog.3.Label,$LOCALIZE[31185])</onclick>
				<onclick>SetProperty(Dialog.3.BuiltIn,Skin.SetString(MusicWidget5.List,musicdb://recentlyaddedalbums/)||Skin.SetString(MusicWidget5.Label,$LOCALIZE[31185]))</onclick>
				<onclick>SetProperty(Dialog.4.Label,$LOCALIZE[31186])</onclick>
				<onclick>SetProperty(Dialog.4.BuiltIn,Skin.SetString(MusicWidget5.List,musicdb://artists/)||Skin.SetString(MusicWidget5.Label,$LOCALIZE[31186]))</onclick>
				<onclick>SetProperty(Dialog.5.Label,$LOCALIZE[31187])</onclick>
				<onclick>SetProperty(Dialog.5.BuiltIn,Skin.SetString(MusicWidget5.List,musicdb://genres/)||Skin.SetString(MusicWidget5.Label,$LOCALIZE[31187]))</onclick>
				<onclick>SetProperty(Dialog.6.Label,$LOCALIZE[31188])</onclick>
				<onclick>SetProperty(Dialog.6.BuiltIn,Skin.SetString(MusicWidget5.List,musicdb://top100/albums/)||Skin.SetString(MusicWidget5.Label,$LOCALIZE[31188]))</onclick>
				<onclick>SetProperty(Dialog.7.Label,$LOCALIZE[31189])</onclick>
				<onclick>SetProperty(Dialog.7.BuiltIn,Skin.SetString(MusicWidget5.List,musicdb://top100/songs/)||Skin.SetString(MusicWidget5.Label,$LOCALIZE[31189]))</onclick>
				<onclick>SetProperty(Dialog.8.Label,$LOCALIZE[31190])</onclick>
				<onclick>SetProperty(Dialog.8.BuiltIn,Skin.SetString(MusicWidget5.List,musicdb://songs/)||Skin.SetString(MusicWidget5.Label,$LOCALIZE[31190]))</onclick>
				<onclick>SetProperty(Dialog.9.Label,$LOCALIZE[20011])</onclick>
				<onclick>SetProperty(Dialog.9.BuiltIn,Skin.SetFile(MusicWidget5.List,.xsp,special://musicplaylists/)||Skin.SetString(MusicWidget5.Label,$LOCALIZE[20011]))</onclick>
				<onclick>SetProperty(Dialog.10.Label,$LOCALIZE[1036])</onclick>
				<onclick>SetProperty(Dialog.10.BuiltIn,RunScript(script.favourites,property=MusicWidget5))</onclick>
				<onclick>SetProperty(Dialog.11.Label,$LOCALIZE[192])</onclick>
				<onclick>SetProperty(Dialog.11.BuiltIn,Skin.Reset(MusicWidget5.Label)||Skin.Reset(MusicWidget5.List))</onclick>
				<onclick>RunScript(script.toolbox,info=selectdialog,header=$LOCALIZE[31081] 5)</onclick>
			</item>
			<item>
				<label>$LOCALIZE[31081] 6</label>
				<onclick>SetProperty(Dialog.NumItems,11)</onclick>
				<onclick>SetProperty(Dialog.1.Label,$LOCALIZE[31183])</onclick>
				<onclick>SetProperty(Dialog.1.BuiltIn,Skin.SetString(MusicWidget6.List,musicdb://recentlyplayedalbums/)||Skin.SetString(MusicWidget6.Label,$LOCALIZE[31183]))</onclick>
				<onclick>SetProperty(Dialog.2.Label,$LOCALIZE[31184])</onclick>
				<onclick>SetProperty(Dialog.2.BuiltIn,Skin.SetString(MusicWidget6.List,musicdb://albums/)||Skin.SetString(MusicWidget6.Label,$LOCALIZE[31184]))</onclick>
				<onclick>SetProperty(Dialog.3.Label,$LOCALIZE[31185])</onclick>
				<onclick>SetProperty(Dialog.3.BuiltIn,Skin.SetString(MusicWidget6.List,musicdb://recentlyaddedalbums/)||Skin.SetString(MusicWidget6.Label,$LOCALIZE[31185]))</onclick>
				<onclick>SetProperty(Dialog.4.Label,$LOCALIZE[31186])</onclick>
				<onclick>SetProperty(Dialog.4.BuiltIn,Skin.SetString(MusicWidget6.List,musicdb://artists/)||Skin.SetString(MusicWidget6.Label,$LOCALIZE[31186]))</onclick>
				<onclick>SetProperty(Dialog.5.Label,$LOCALIZE[31187])</onclick>
				<onclick>SetProperty(Dialog.5.BuiltIn,Skin.SetString(MusicWidget6.List,musicdb://genres/)||Skin.SetString(MusicWidget6.Label,$LOCALIZE[31187]))</onclick>
				<onclick>SetProperty(Dialog.6.Label,$LOCALIZE[31188])</onclick>
				<onclick>SetProperty(Dialog.6.BuiltIn,Skin.SetString(MusicWidget6.List,musicdb://top100/albums/)||Skin.SetString(MusicWidget6.Label,$LOCALIZE[31188]))</onclick>
				<onclick>SetProperty(Dialog.7.Label,$LOCALIZE[31189])</onclick>
				<onclick>SetProperty(Dialog.7.BuiltIn,Skin.SetString(MusicWidget6.List,musicdb://top100/songs/)||Skin.SetString(MusicWidget6.Label,$LOCALIZE[31189]))</onclick>
				<onclick>SetProperty(Dialog.8.Label,$LOCALIZE[31190])</onclick>
				<onclick>SetProperty(Dialog.8.BuiltIn,Skin.SetString(MusicWidget6.List,musicdb://songs/)||Skin.SetString(MusicWidget6.Label,$LOCALIZE[31190]))</onclick>
				<onclick>SetProperty(Dialog.9.Label,$LOCALIZE[20011])</onclick>
				<onclick>SetProperty(Dialog.9.BuiltIn,Skin.SetFile(MusicWidget6.List,.xsp,special://musicplaylists/)||Skin.SetString(MusicWidget6.Label,$LOCALIZE[20011]))</onclick>
				<onclick>SetProperty(Dialog.10.Label,$LOCALIZE[1036])</onclick>
				<onclick>SetProperty(Dialog.10.BuiltIn,RunScript(script.favourites,property=MusicWidget6))</onclick>
				<onclick>SetProperty(Dialog.11.Label,$LOCALIZE[192])</onclick>
				<onclick>SetProperty(Dialog.11.BuiltIn,Skin.Reset(MusicWidget6.Label)||Skin.Reset(MusicWidget6.List))</onclick>
				<onclick>RunScript(script.toolbox,info=selectdialog,header=$LOCALIZE[31081] 6)</onclick>
			</item>
			<item>
				<label>$LOCALIZE[31081] 7</label>
				<onclick>SetProperty(Dialog.NumItems,11)</onclick>
				<onclick>SetProperty(Dialog.1.Label,$LOCALIZE[31183])</onclick>
				<onclick>SetProperty(Dialog.1.BuiltIn,Skin.SetString(MusicWidget7.List,musicdb://recentlyplayedalbums/)||Skin.SetString(MusicWidget7.Label,$LOCALIZE[31183]))</onclick>
				<onclick>SetProperty(Dialog.2.Label,$LOCALIZE[31184])</onclick>
				<onclick>SetProperty(Dialog.2.BuiltIn,Skin.SetString(MusicWidget7.List,musicdb://albums/)||Skin.SetString(MusicWidget7.Label,$LOCALIZE[31184]))</onclick>
				<onclick>SetProperty(Dialog.3.Label,$LOCALIZE[31185])</onclick>
				<onclick>SetProperty(Dialog.3.BuiltIn,Skin.SetString(MusicWidget7.List,musicdb://recentlyaddedalbums/)||Skin.SetString(MusicWidget7.Label,$LOCALIZE[31185]))</onclick>
				<onclick>SetProperty(Dialog.4.Label,$LOCALIZE[31186])</onclick>
				<onclick>SetProperty(Dialog.4.BuiltIn,Skin.SetString(MusicWidget7.List,musicdb://artists/)||Skin.SetString(MusicWidget7.Label,$LOCALIZE[31186]))</onclick>
				<onclick>SetProperty(Dialog.5.Label,$LOCALIZE[31187])</onclick>
				<onclick>SetProperty(Dialog.5.BuiltIn,Skin.SetString(MusicWidget7.List,musicdb://genres/)||Skin.SetString(MusicWidget7.Label,$LOCALIZE[31187]))</onclick>
				<onclick>SetProperty(Dialog.6.Label,$LOCALIZE[31188])</onclick>
				<onclick>SetProperty(Dialog.6.BuiltIn,Skin.SetString(MusicWidget7.List,musicdb://top100/albums/)||Skin.SetString(MusicWidget7.Label,$LOCALIZE[31188]))</onclick>
				<onclick>SetProperty(Dialog.7.Label,$LOCALIZE[31189])</onclick>
				<onclick>SetProperty(Dialog.7.BuiltIn,Skin.SetString(MusicWidget7.List,musicdb://top100/songs/)||Skin.SetString(MusicWidget7.Label,$LOCALIZE[31189]))</onclick>
				<onclick>SetProperty(Dialog.8.Label,$LOCALIZE[31190])</onclick>
				<onclick>SetProperty(Dialog.8.BuiltIn,Skin.SetString(MusicWidget7.List,musicdb://songs/)||Skin.SetString(MusicWidget7.Label,$LOCALIZE[31190]))</onclick>
				<onclick>SetProperty(Dialog.9.Label,$LOCALIZE[20011])</onclick>
				<onclick>SetProperty(Dialog.9.BuiltIn,Skin.SetFile(MusicWidget7.List,.xsp,special://musicplaylists/)||Skin.SetString(MusicWidget7.Label,$LOCALIZE[20011]))</onclick>
				<onclick>SetProperty(Dialog.10.Label,$LOCALIZE[1036])</onclick>
				<onclick>SetProperty(Dialog.10.BuiltIn,RunScript(script.favourites,property=MusicWidget7))</onclick>
				<onclick>SetProperty(Dialog.11.Label,$LOCALIZE[192])</onclick>
				<onclick>SetProperty(Dialog.11.BuiltIn,Skin.Reset(MusicWidget7.Label)||Skin.Reset(MusicWidget7.List))</onclick>
				<onclick>RunScript(script.toolbox,info=selectdialog,header=$LOCALIZE[31081] 7)</onclick>
			</item>
			<item>
				<label>$LOCALIZE[31081] 8</label>
				<onclick>SetProperty(Dialog.NumItems,11)</onclick>
				<onclick>SetProperty(Dialog.1.Label,$LOCALIZE[31183])</onclick>
				<onclick>SetProperty(Dialog.1.BuiltIn,Skin.SetString(MusicWidget8.List,musicdb://recentlyplayedalbums/)||Skin.SetString(MusicWidget8.Label,$LOCALIZE[31183]))</onclick>
				<onclick>SetProperty(Dialog.2.Label,$LOCALIZE[31184])</onclick>
				<onclick>SetProperty(Dialog.2.BuiltIn,Skin.SetString(MusicWidget8.List,musicdb://albums/)||Skin.SetString(MusicWidget8.Label,$LOCALIZE[31184]))</onclick>
				<onclick>SetProperty(Dialog.3.Label,$LOCALIZE[31185])</onclick>
				<onclick>SetProperty(Dialog.3.BuiltIn,Skin.SetString(MusicWidget8.List,musicdb://recentlyaddedalbums/)||Skin.SetString(MusicWidget8.Label,$LOCALIZE[31185]))</onclick>
				<onclick>SetProperty(Dialog.4.Label,$LOCALIZE[31186])</onclick>
				<onclick>SetProperty(Dialog.4.BuiltIn,Skin.SetString(MusicWidget8.List,musicdb://artists/)||Skin.SetString(MusicWidget8.Label,$LOCALIZE[31186]))</onclick>
				<onclick>SetProperty(Dialog.5.Label,$LOCALIZE[31187])</onclick>
				<onclick>SetProperty(Dialog.5.BuiltIn,Skin.SetString(MusicWidget8.List,musicdb://genres/)||Skin.SetString(MusicWidget8.Label,$LOCALIZE[31187]))</onclick>
				<onclick>SetProperty(Dialog.6.Label,$LOCALIZE[31188])</onclick>
				<onclick>SetProperty(Dialog.6.BuiltIn,Skin.SetString(MusicWidget8.List,musicdb://top100/albums/)||Skin.SetString(MusicWidget8.Label,$LOCALIZE[31188]))</onclick>
				<onclick>SetProperty(Dialog.7.Label,$LOCALIZE[31189])</onclick>
				<onclick>SetProperty(Dialog.7.BuiltIn,Skin.SetString(MusicWidget8.List,musicdb://top100/songs/)||Skin.SetString(MusicWidget8.Label,$LOCALIZE[31189]))</onclick>
				<onclick>SetProperty(Dialog.8.Label,$LOCALIZE[31190])</onclick>
				<onclick>SetProperty(Dialog.8.BuiltIn,Skin.SetString(MusicWidget8.List,musicdb://songs/)||Skin.SetString(MusicWidget8.Label,$LOCALIZE[31190]))</onclick>
				<onclick>SetProperty(Dialog.9.Label,$LOCALIZE[20011])</onclick>
				<onclick>SetProperty(Dialog.9.BuiltIn,Skin.SetFile(MusicWidget8.List,.xsp,special://musicplaylists/)||Skin.SetString(MusicWidget8.Label,$LOCALIZE[20011]))</onclick>
				<onclick>SetProperty(Dialog.10.Label,$LOCALIZE[1036])</onclick>
				<onclick>SetProperty(Dialog.10.BuiltIn,RunScript(script.favourites,property=MusicWidget8))</onclick>
				<onclick>SetProperty(Dialog.11.Label,$LOCALIZE[192])</onclick>
				<onclick>SetProperty(Dialog.11.BuiltIn,Skin.Reset(MusicWidget8.Label)||Skin.Reset(MusicWidget8.List))</onclick>
				<onclick>RunScript(script.toolbox,info=selectdialog,header=$LOCALIZE[31081] 8)</onclick>
			</item>
		</content>
	</include>
	<!-- $LOCALIZE[31081] Label -->
	<include name="MusicWidgetLabel">
		<content>
			<item>
				<label>$INFO[Skin.String(MusicWidget1.Label)]</label>
				<onclick>Skin.SetString(MusicWidget1.Label)</onclick>
			</item>
			<item>
				<label>$INFO[Skin.String(MusicWidget2.Label)]</label>
				<onclick>Skin.SetString(MusicWidget2.Label)</onclick>
			</item>
			<item>
				<label>$INFO[Skin.String(MusicWidget3.Label)]</label>
				<onclick>Skin.SetString(MusicWidget3.Label)</onclick>
			</item>
			<item>
				<label>$INFO[Skin.String(MusicWidget4.Label)]</label>
				<onclick>Skin.SetString(MusicWidget4.Label)</onclick>
			</item>
			<item>
				<label>$INFO[Skin.String(MusicWidget5.Label)]</label>
				<onclick>Skin.SetString(MusicWidget5.Label)</onclick>
			</item>
			<item>
				<label>$INFO[Skin.String(MusicWidget6.Label)]</label>
				<onclick>Skin.SetString(MusicWidget6.Label)</onclick>
			</item>
			<item>
				<label>$INFO[Skin.String(MusicWidget7.Label)]</label>
				<onclick>Skin.SetString(MusicWidget7.Label)</onclick>
			</item>
			<item>
				<label>$INFO[Skin.String(MusicWidget8.Label)]</label>
				<onclick>Skin.SetString(MusicWidget8.Label)</onclick>
			</item>
		</content>
	</include>
	<!-- $LOCALIZE[31081] List -->
	<include name="MusicWidgetList">
		<content>
			<item>
				<label>$INFO[Skin.String(MusicWidget1.List)]</label>
				<onclick>Skin.SetString(MusicWidget1.List)</onclick>
			</item>
			<item>
				<label>$INFO[Skin.String(MusicWidget2.List)]</label>
				<onclick>Skin.SetString(MusicWidget2.List)</onclick>
			</item>
			<item>
				<label>$INFO[Skin.String(MusicWidget3.List)]</label>
				<onclick>Skin.SetString(MusicWidget3.List)</onclick>
			</item>
			<item>
				<label>$INFO[Skin.String(MusicWidget4.List)]</label>
				<onclick>Skin.SetString(MusicWidget4.List)</onclick>
			</item>
			<item>
				<label>$INFO[Skin.String(MusicWidget5.List)]</label>
				<onclick>Skin.SetString(MusicWidget5.List)</onclick>
			</item>
			<item>
				<label>$INFO[Skin.String(MusicWidget6.List)]</label>
				<onclick>Skin.SetString(MusicWidget6.List)</onclick>
			</item>
			<item>
				<label>$INFO[Skin.String(MusicWidget7.List)]</label>
				<onclick>Skin.SetString(MusicWidget7.List)</onclick>
			</item>
			<item>
				<label>$INFO[Skin.String(MusicWidget8.List)]</label>
				<onclick>Skin.SetString(MusicWidget8.List)</onclick>
			</item>
		</content>
	</include>
	<!-- Videos Widget Type -->
	<include name="VideosWidgetType">
		<content>
			<item>
				<label>$LOCALIZE[31082]</label>
				<onclick>SetProperty(Dialog.NumItems,6)</onclick>
				<onclick>SetProperty(Dialog.1.Label,$LOCALIZE[31191])</onclick>
				<onclick>SetProperty(Dialog.1.BuiltIn,Skin.SetString(VideosWidget.List,library://video/)||Skin.SetString(VideosWidget.Label,$LOCALIZE[31191]))</onclick>
				<onclick>SetProperty(Dialog.2.Label,$LOCALIZE[31192])</onclick>
				<onclick>SetProperty(Dialog.2.BuiltIn,Skin.SetString(VideosWidget.List,videodb://musicvideos/titles/)||Skin.SetString(VideosWidget.Label,$LOCALIZE[31192]))</onclick>
				<onclick>SetProperty(Dialog.3.Label,$LOCALIZE[31193])</onclick>
				<onclick>SetProperty(Dialog.3.BuiltIn,Skin.SetString(VideosWidget.List,addons://sources/video/)||Skin.SetString(VideosWidget.Label,$LOCALIZE[31193]))</onclick>
				<onclick>SetProperty(Dialog.4.Label,$LOCALIZE[20012])</onclick>
				<onclick>SetProperty(Dialog.4.BuiltIn,Skin.SetFile(VideosWidget.List,.xsp,special://videoplaylists/)||Skin.SetString(VideosWidget.Label,$LOCALIZE[20012]))</onclick>
				<onclick>SetProperty(Dialog.5.Label,$LOCALIZE[1036])</onclick>
				<onclick>SetProperty(Dialog.5.BuiltIn,RunScript(script.favourites,property=VideosWidget))</onclick>
				<onclick>SetProperty(Dialog.6.Label,$LOCALIZE[192])</onclick>
				<onclick>SetProperty(Dialog.6.BuiltIn,Skin.Reset(VideosWidget.Label)||Skin.Reset(VideosWidget.List))</onclick>
				<onclick>RunScript(script.toolbox,info=selectdialog,header=$LOCALIZE[31082])</onclick>
			</item>
		</content>
	</include>
	<!-- $LOCALIZE[31082] Label -->
	<include name="VideosWidgetLabel">
		<content>
			<item>
				<label>$INFO[Skin.String(VideosWidget.Label)]</label>
				<onclick>Skin.SetString(VideosWidget.Label)</onclick>
			</item>
		</content>
	</include>
	<!-- $LOCALIZE[31082] List -->
	<include name="VideosWidgetList">
		<content>
			<item>
				<label>$INFO[Skin.String(VideosWidget.List)]</label>
				<onclick>Skin.SetString(VideosWidget.List)</onclick>
			</item>
		</content>
	</include>
	<!-- Programs Widget Type -->
	<include name="ProgramsWidgetType">
		<content>
			<item>
				<label>$LOCALIZE[31083]</label>
				<onclick>SetProperty(Dialog.NumItems,4)</onclick>
				<onclick>SetProperty(Dialog.1.Label,$LOCALIZE[31195])</onclick>
				<onclick>SetProperty(Dialog.1.BuiltIn,Skin.SetString(ProgramsWidget.List,addons://sources/executable/)||Skin.SetString(ProgramsWidget.Label,$LOCALIZE[31195]))</onclick>
				<onclick>SetProperty(Dialog.2.Label,$LOCALIZE[31196])</onclick>
				<onclick>SetProperty(Dialog.2.BuiltIn,Skin.SetString(ProgramsWidget.List,androidapp://sources/apps/)||Skin.SetString(ProgramsWidget.Label,$LOCALIZE[31196]))</onclick>
				<onclick>SetProperty(Dialog.3.Label,$LOCALIZE[1036])</onclick>
				<onclick>SetProperty(Dialog.3.BuiltIn,RunScript(script.favourites,property=ProgramsWidget))</onclick>
				<onclick>SetProperty(Dialog.4.Label,$LOCALIZE[192])</onclick>
				<onclick>SetProperty(Dialog.4.BuiltIn,Skin.Reset(ProgramsWidget.Label)||Skin.Reset(ProgramsWidget.List))</onclick>
				<onclick>RunScript(script.toolbox,info=selectdialog,header=$LOCALIZE[31083])</onclick>
			</item>
		</content>
	</include>
	<!-- Programs Widget Label -->
	<include name="ProgramsWidgetLabel">
		<content>
			<item>
				<label>$INFO[Skin.String(ProgramsWidget.Label)]</label>
				<onclick>Skin.SetString(ProgramsWidget.Label)</onclick>
			</item>
		</content>
	</include>
	<!-- Programs Widget List -->
	<include name="ProgramsWidgetList">
		<content>
			<item>
				<label>$INFO[Skin.String(ProgramsWidget.List)]</label>
				<onclick>Skin.SetString(ProgramsWidget.List)</onclick>
			</item>
		</content>
	</include>
	<!-- Pictures Widget Type -->
	<include name="PicturesWidgetType">
		<content>
			<item>
				<label>$LOCALIZE[31084]</label>
				<onclick>SetProperty(Dialog.NumItems,3)</onclick>
				<onclick>SetProperty(Dialog.1.Label,Your Picture Add-ons)</onclick>
				<onclick>SetProperty(Dialog.1.BuiltIn,Skin.SetString(PicturesWidget.List,addons://sources/image/)||Skin.SetString(PicturesWidget.Label,Your Picture Add-ons))</onclick>
				<onclick>SetProperty(Dialog.2.Label,$LOCALIZE[1036])</onclick>
				<onclick>SetProperty(Dialog.2.BuiltIn,RunScript(script.favourites,property=PicturesWidget))</onclick>
				<onclick>SetProperty(Dialog.3.Label,$LOCALIZE[192])</onclick>
				<onclick>SetProperty(Dialog.3.BuiltIn,Skin.Reset(PicturesWidget.Label)||Skin.Reset(PicturesWidget.List))</onclick>
				<onclick>RunScript(script.toolbox,info=selectdialog,header=Pictures Widget)</onclick>
			</item>
		</content>
	</include>
	<!-- Pictures Widget Label -->
	<include name="PicturesWidgetLabel">
		<content>
			<item>
				<label>$INFO[Skin.String(PicturesWidget.Label)]</label>
				<onclick>Skin.SetString(PicturesWidget.Label)</onclick>
			</item>
		</content>
	</include>
	<!-- Pictures Widget List -->
	<include name="PicturesWidgetList">
		<content>
			<item>
				<label>$INFO[Skin.String(PicturesWidget.List)]</label>
				<onclick>Skin.SetString(PicturesWidget.List)</onclick>
			</item>
		</content>
	</include>
</includes>