<?xml version="1.0" encoding="UTF-8"?>
<window>
    <allowoverlay>yes</allowoverlay>
    <backgroundcolor>0xff12161b</backgroundcolor>
    <defaultcontrol always="true">10</defaultcontrol>
    <views>10,11,12,13</views>
    <controls>
        <control type="group" id="50">
            <control type="group">
                <visible>Control.IsVisible(10)</visible>
                <include>Animation.Common</include>
                <left>SidePad</left>
                <right>SidePad</right>
                <top>PosterPad</top>
                <height>1080</height>

                <!-- AYLA - BACKGROUND -->
                <!--<control type="image">
                    <left>-8</left>
                    <right>-8</right>
                    <top>-8</top>
                    <bottom>-8</bottom>
                    <texture colordiffuse="0xff12161b" border="16">pvr/_PVR_rounded-shadow8.png</texture>
                </control>-->
                
                <!-- AYLA - PLOT BOX UNDER EPG -->
                <control type="group">
                    <top>850</top>
                    <bottom>10</bottom>
                    <left>30</left>
                    <right>30</right>
                    <control type="label">
                        <top>0</top>
                        <aligny>center</aligny>
                        <height>64</height>
                        <font>Med26</font>
                        <textcolor>PanelWhite100</textcolor>
                        <selectedcolor>PanelWhite100</selectedcolor>
                        <label>$INFO[ListItem.Label]</label>
                    </control>
                    <control type="label">
                        <top>0</top>
                        <right>0</right>
                        <align>right</align>
                        <aligny>center</aligny>
                        <height>64</height>
                        <font>Med24</font>
                        <textcolor>PanelWhite70</textcolor>
                        <selectedcolor>PanelWhite70</selectedcolor>
                        <label>$INFO[ListItem.Genre,,  •  ]$INFO[ListItem.StartTime]$INFO[ListItem.EndTime, - ,]</label>
                    </control>
                    
                    <!-- AYLA - EPG PLOT -->
                    <control type="textbox">
                        <top>54</top>
                        <height>100</height>
                        <align>justify</align>
                        <font>Med22</font>
                        <textcolor>PanelWhite100</textcolor>
                        <selectedcolor>PanelWhite100</selectedcolor>
                        <label>$INFO[ListItem.Plot]</label>
                    </control>
                </control>
                
                <!-- AYLA - EPG GRID -->
                <control type="epggrid" id="10" description="EPG">     
                    <left>10</left>
                    <top>54</top>
                    <width>1880</width>
                    <height>770</height>
                    <onback>28</onback>
                    <viewtype label="19069">list</viewtype>
                    <progresstexture border="5" colordiffuse="aa36383B">pvr/_PVR_progressline.png</progresstexture>
                    <scrolltime tween="quadratic">300</scrolltime>
                    <timeblocks>40</timeblocks>
                    <rulerunit>6</rulerunit>
                    <rulerlayout height="70" width="260">
                        <control type="label" id="2">
                            <posx>10</posx>
                            <posy>30</posy>
                            <width>200</width>
                            <align>left</align>
                            <aligny>top</aligny>
                            <font>EPGTimeline</font>
                            <label>$INFO[ListItem.Label]</label>
                            <textcolor>White</textcolor>
                        </control>
                    </rulerlayout>

                    <!-- AYLA - CHANNEL LIST ON THE LEFT -->
                    <channellayout height="70" width="320">
                       <!-- <control type="image">
                            <width>100%</width>
                            <height>100%</height>
                            <texture>pvr/_PVR_selected.png</texture>
                            <aspectratio aligny="top">center</aspectratio>
                            <animation effect="fade" start="100" end="10" condition="true">Conditional</animation>
                            <visible>ListItem.IsPlaying</visible>
                        </control>-->
                        <control type="label">
                            <posx>90</posx>
                            <width>300</width>
                            <aligny>center</aligny>
                            <height>67</height>
                            <textcolor>ff5b6064</textcolor>
                            <label>$INFO[ListItem.ChannelName]</label>
                        </control>
                        
                        <control type="image">
                            <centerleft>45</centerleft>
                            <top>10</top>
                            <bottom>10</bottom>
                            <width>50</width>
                            <texture>$INFO[ListItem.Icon]</texture>
                            <aspectratio aligny="center" align="left">keep</aspectratio>
                        </control>
                    </channellayout>
                    
                    <focusedchannellayout height="70" width="320">
                        <control type="image">
                            <width>100%</width>
                            <height>67</height>
                            <texture border="12" colordiffuse="ff36383B">pvr/_PVR_white.png</texture>
                        </control>
                        <!--<control type="image">
                            <width>100%</width>
                            <height>100%</height>
                            <texture>pvr/_PVR_selected.png</texture>
                            <aspectratio aligny="top">center</aspectratio>
                            <animation effect="fade" start="100" end="20" condition="true">Conditional</animation>
                            <visible>ListItem.IsPlaying</visible>
                        </control>-->
                        <control type="label">
                            <posx>90</posx>
                            <width>300</width>
                            <aligny>center</aligny>
                            <height>67</height>
                            <selectedcolor>ffFFC24B</selectedcolor>
                            <textcolor>ffFFC24B</textcolor>
                            <label>$INFO[ListItem.ChannelName]</label>
                        </control>
                        <control type="image">
                            <centerleft>45</centerleft>
                            <top>10</top>
                            <bottom>10</bottom>
                            <width>50</width>
                            <texture>$INFO[ListItem.Icon]</texture>
                            <aspectratio aligny="center" align="left">keep</aspectratio>
                        </control>
                    </focusedchannellayout>    
                    
                    <itemlayout height="70" width="260">
                        <control type="image" id="2">
                            <width>256</width>
                            <height>67</height>
                            <texture border="5">pvr/_PVR_white.png</texture>
                            <colordiffuse>ff242628</colordiffuse>
                        </control> 
                       <!-- <control type="image" id="2">
                            <width>257</width>
                            <height>67</height>
                            <!--<texture>pvrgenre/$INFO[ListItem.Property(GenreType)].png</texture>
                            <texture>pvr/_PVR_white.png</texture>
                            <aspectratio>scale</aspectratio>
                            <colordiffuse>5f000000</colordiffuse>
                        </control> -->
                        <control type="image">
                            <posy>6</posy>
                            <width>52</width>
                            <height>52</height>
                            <texture>pvr/_PVR_timer.png</texture>
                            <colordiffuse>White</colordiffuse>
                            <visible>ListItem.HasTimer | ListItem.IsRecording</visible>
                        </control>   
                        <control type="label" id="1">
                            <posx>0</posx>
                            <height>66</height>
                            <width>285</width>
                            <textoffsetx>50</textoffsetx>
                            <textcolor>White</textcolor>
                            <label>$INFO[ListItem.Label]</label>
                            <visible>ListItem.HasTimer | ListItem.IsRecording</visible>
                        </control>
                        <control type="label" id="1">
                            <posx>15</posx>
                            <width>226</width>
                            <height>67</height>
                            <textcolor>White</textcolor>
                            <textoffsetx>0</textoffsetx>
                            <label>$INFO[ListItem.Label]</label>
                            <visible>!ListItem.HasTimer + !ListItem.IsRecording</visible>
                        </control>
                    </itemlayout>
                    
                    <focusedlayout height="70" width="260">
        
                        <control type="image" id="2">
                            <width>256</width>
                            <height>67</height>
                            <texture border="5">pvr/_PVR_white.png</texture>
                            <colordiffuse>ff36383B</colordiffuse>
                        </control> 
                        
                        <control type="image">
                            <posy>6</posy>
                            <width>52</width>
                            <height>52</height>
                            <texture>pvr/_PVR_timer.png</texture>
                            <colordiffuse>White</colordiffuse>
                            <visible>ListItem.HasTimer | ListItem.IsRecording</visible>
                        </control>   
                        <control type="label" id="1">
                            <posx>0</posx>
                            <height>66</height>
                            <width>285</width>
                            <textoffsetx>50</textoffsetx>
                            <textcolor>White</textcolor>
                            <label>$INFO[ListItem.Label]</label>
                            <visible>ListItem.HasTimer | ListItem.IsRecording</visible>
                        </control>
                        <control type="label" id="1">
                            <posx>15</posx>
                            <width>226</width>
                            <height>67</height>
                            <textcolor>ffFFC24B</textcolor>
                            <textoffsetx>0</textoffsetx>
                            <label>$INFO[ListItem.Label]</label>
                            <visible>!ListItem.HasTimer + !ListItem.IsRecording</visible>
                        </control>
                    </focusedlayout>
                
                </control>
            </control>
            
            <control type="group">
                <visible>Control.IsVisible(11)</visible>
                <include>Animation.Common</include>
                <control type="group">
                    <right>SidePad</right>
                    <width>1100</width>
                    <top>PosterPad</top>
                    <height>640</height>
                   
                    <control type="list" id="11" description="Now">     
                        <right>0</right>
                        <width>1100</width>
                        <top>0</top>
                        <bottom>0</bottom>
                        <onup>11</onup>
                        <ondown>11</ondown>
                        <onleft>28</onleft>
                        <onright>60</onright>
                        <pagecontrol>60</pagecontrol>
                        <viewtype label="19030">list</viewtype>
                        <scrolltime>200</scrolltime>
                        <orientation>vertical</orientation>
                        <itemlayout height="128" width="1100">
                            <control type="image">                                
                                <left>10</left>
                                <centertop>50%</centertop>
                                <width>111</width>
                                <height>111</height>
                                <aspectratio align="left">keep</aspectratio>
                                <texture fallback="DefaultAddonNone.png">$INFO[Listitem.Icon]</texture>
                            </control>
                            <control type="group">                            
                                <control type="label">
                                    <left>137</left>
                                    <top>12</top>
                                    <aligny>center</aligny>
                                    <height>64</height>
                                    <width>70</width>
                                    <align>right</align>
                                    <font>SmallBold</font>
                                    <textcolor>Dark1</textcolor>
                                    <selectedcolor>Dark1</selectedcolor>
                                    <label>$INFO[ListItem.ChannelNumber]</label>
                                </control>
                                <control type="progress">
                                    <posx>140</posx>
                                    <posy>76</posy>
                                    <width>67</width>
                                    <height>19</height>
                                    <reveal>true</reveal>
                                    <texturebg border="4">osd/progress_back.png</texturebg>
                                    <lefttexture>-</lefttexture>
                                    <midtexture border="4">osd/progress_bar.png</midtexture>
                                    <righttexture>-</righttexture>
                                    <overlaytexture>-</overlaytexture>
                                    <info>ListItem.Progress</info>
                                    <colordiffuse>Dark1</colordiffuse>
                                </control>
                                <control type="label">
                                    <posx>220</posx>
                                    <right>100</right>
                                    <top>12</top>
                                    <aligny>center</aligny>
                                    <height>64</height>
                                    <font>SmallBold</font>
                                    <textcolor>Dark1</textcolor>
                                    <selectedcolor>Dark1</selectedcolor>
                                    <label>$INFO[ListItem.ChannelName]</label>
                                </control>
                                <control type="label">
                                    <posx>220</posx>
                                    <bottom>8</bottom>
                                    <right>100</right>
                                    <aligny>center</aligny>
                                    <height>64</height>
                                    <font>Small</font>
                                    <textcolor>Dark2</textcolor>
                                    <selectedcolor>Dark2</selectedcolor>
                                    <label>$INFO[ListItem.Title]</label>
                                </control>
                                <control type="label">
                                    <right>30</right>
                                    <width>500</width>
                                    <top>12</top>
                                    <aligny>center</aligny>
                                    <height>64</height>
                                    <align>right</align>
                                    <font>Tiny</font>
                                    <textcolor>Dark1</textcolor>
                                    <selectedcolor>Dark1</selectedcolor>
                                    <label>$INFO[ListItem.EndTime,$LOCALIZE[31106] ,]</label>
                                    <visible>!IsEmpty(ListItem.NextTitle)</visible>
                                </control>
                                <control type="label">
                                    <right>30</right>
                                    <width>500</width>
                                    <aligny>center</aligny>
                                    <height>100%</height>
                                    <align>right</align>
                                    <font>Tiny</font>
                                    <textcolor>Dark1</textcolor>
                                    <selectedcolor>Dark1</selectedcolor>
                                    <label>$INFO[ListItem.EndTime,$LOCALIZE[31106] ,]</label>
                                    <visible>IsEmpty(ListItem.NextTitle)</visible>
                                </control>
                                <control type="label">
                                    <right>30</right>
                                    <width>500</width>
                                    <bottom>8</bottom>
                                    <aligny>center</aligny>
                                    <height>64</height>
                                    <align>right</align>
                                    <font>Tiny</font>
                                    <textcolor>Dark1</textcolor>
                                    <selectedcolor>Dark1</selectedcolor>
                                    <label>$INFO[ListItem.NextTitle,[B],[/B] $LOCALIZE[19031]]</label>
                                </control>
                            </control>
                          
                        </itemlayout>
                        
                        
                        <focusedlayout height="128" width="1100">
                            <control type="group">
                                <visible>Control.HasFocus(11)</visible>
                                <control type="image">
                                    <width>100%</width>
                                    <height>100%</height>
                                    <texture colordiffuse="Dark1" border="5">pvr/_PVR_box.png</texture>
                                </control>
                                <control type="image">                                
                                    <left>10</left>
                                    <centertop>50%</centertop>
                                    <width>111</width>
                                    <height>111</height>
                                    <aspectratio align="left">keep</aspectratio>
                                    <texture fallback="DefaultAddonNone.png">$INFO[Listitem.Icon]</texture>
                                </control>
                                
                                <control type="group">
                                    <control type="label">
                                        <left>137</left>
                                        <top>12</top>
                                        <aligny>center</aligny>
                                        <height>64</height>
                                        <width>70</width>
                                        <align>right</align>
                                        <font>SmallBold</font>
                                        <textcolor>Light1</textcolor>
                                        <selectedcolor>Light1</selectedcolor>
                                        <label>$INFO[ListItem.ChannelNumber]</label>
                                    </control>
                                    <control type="progress">
                                        <posx>140</posx>
                                        <posy>76</posy>
                                        <width>67</width>
                                        <height>19</height>
                                        <reveal>true</reveal>
                                        <texturebg border="4">osd/progress_back.png</texturebg>
                                        <lefttexture>-</lefttexture>
                                        <midtexture border="4">osd/progress_bar.png</midtexture>
                                        <righttexture>-</righttexture>
                                        <overlaytexture>-</overlaytexture>
                                        <info>ListItem.Progress</info>
                                        <colordiffuse>Light1</colordiffuse>
                                    </control>
                                    <control type="label">
                                        <posx>220</posx>
                                        <right>100</right>
                                        <top>12</top>
                                        <aligny>center</aligny>
                                        <height>64</height>
                                        <font>SmallBold</font>
                                        <textcolor>Light1</textcolor>
                                        <selectedcolor>Light1</selectedcolor>
                                        <label>$INFO[ListItem.ChannelName]</label>
                                    </control>
                                    <control type="label">
                                        <posx>220</posx>
                                        <bottom>8</bottom>
                                        <right>100</right>
                                        <aligny>center</aligny>
                                        <height>64</height>
                                        <font>Small</font>
                                        <textcolor>Light1</textcolor>
                                        <selectedcolor>Light1</selectedcolor>
                                        <label>$INFO[ListItem.Title]</label>
                                    </control>
                                    <control type="label">
                                        <right>30</right>
                                        <width>500</width>
                                        <top>12</top>
                                        <aligny>center</aligny>
                                        <height>64</height>
                                        <align>right</align>
                                        <font>Tiny</font>
                                        <textcolor>Light1</textcolor>
                                        <selectedcolor>Light1</selectedcolor>
                                        <label>$INFO[ListItem.EndTime,$LOCALIZE[31106] ,]</label>
                                        <visible>!IsEmpty(ListItem.NextTitle)</visible>
                                    </control>
                                    <control type="label">
                                        <right>30</right>
                                        <width>500</width>
                                        <aligny>center</aligny>
                                        <height>100%</height>
                                        <align>right</align>
                                        <font>Tiny</font>
                                        <textcolor>Light1</textcolor>
                                        <selectedcolor>Light1</selectedcolor>
                                        <label>$INFO[ListItem.EndTime,$LOCALIZE[31106] ,]</label>
                                        <visible>IsEmpty(ListItem.NextTitle)</visible>
                                    </control>
                                    <control type="label">
                                        <right>30</right>
                                        <width>500</width>
                                        <bottom>8</bottom>
                                        <aligny>center</aligny>
                                        <height>64</height>
                                        <align>right</align>
                                        <font>Tiny</font>
                                        <textcolor>Light1</textcolor>
                                        <selectedcolor>Light1</selectedcolor>
                                        <label>$INFO[ListItem.NextTitle,[B],[/B] $LOCALIZE[19031]]</label>
                                    </control>
                                </control>
                            </control>
                            <control type="group">
                                <visible>!Control.HasFocus(11)</visible>
                                <control type="image">                                
                                    <left>10</left>
                                    <centertop>50%</centertop>
                                    <width>111</width>
                                    <height>111</height>
                                    <aspectratio align="left">keep</aspectratio>
                                    <texture fallback="DefaultAddonNone.png">$INFO[Listitem.Icon]</texture>
                                </control>
                                <control type="group">                                
                                    <control type="label">
                                        <left>137</left>
                                        <top>12</top>
                                        <aligny>center</aligny>
                                        <height>64</height>
                                        <width>70</width>
                                        <align>right</align>
                                        <font>SmallBold</font>
                                        <textcolor>Dark1</textcolor>
                                        <selectedcolor>Dark1</selectedcolor>
                                        <label>$INFO[ListItem.ChannelNumber]</label>
                                    </control>
                                    <control type="progress">
                                        <posx>140</posx>
                                        <posy>76</posy>
                                        <width>67</width>
                                        <height>19</height>
                                        <reveal>true</reveal>
                                        <texturebg border="4">osd/progress_back.png</texturebg>
                                        <lefttexture>-</lefttexture>
                                        <midtexture border="4">osd/progress_bar.png</midtexture>
                                        <righttexture>-</righttexture>
                                        <overlaytexture>-</overlaytexture>
                                        <info>ListItem.Progress</info>
                                        <colordiffuse>Dark1</colordiffuse>
                                    </control>
                                    <control type="label">
                                        <posx>220</posx>
                                        <right>100</right>
                                        <top>12</top>
                                        <aligny>center</aligny>
                                        <height>64</height>
                                        <font>SmallBold</font>
                                        <textcolor>Dark1</textcolor>
                                        <selectedcolor>Dark1</selectedcolor>
                                        <label>$INFO[ListItem.ChannelName]</label>
                                    </control>
                                    <control type="label">
                                        <posx>220</posx>
                                        <bottom>8</bottom>
                                        <right>100</right>
                                        <aligny>center</aligny>
                                        <height>64</height>
                                        <font>Small</font>
                                        <textcolor>Dark2</textcolor>
                                        <selectedcolor>Dark2</selectedcolor>
                                        <label>$INFO[ListItem.Title]</label>
                                    </control>
                                    <control type="label">
                                        <right>30</right>
                                        <width>500</width>
                                        <top>12</top>
                                        <aligny>center</aligny>
                                        <height>64</height>
                                        <align>right</align>
                                        <font>Tiny</font>
                                        <textcolor>Dark1</textcolor>
                                        <selectedcolor>Dark1</selectedcolor>
                                        <label>$INFO[ListItem.EndTime,$LOCALIZE[31106] ,]</label>
                                        <visible>!IsEmpty(ListItem.NextTitle)</visible>
                                    </control>
                                    <control type="label">
                                        <right>30</right>
                                        <width>500</width>
                                        <aligny>center</aligny>
                                        <height>100%</height>
                                        <align>right</align>
                                        <font>Tiny</font>
                                        <textcolor>Dark1</textcolor>
                                        <selectedcolor>Dark1</selectedcolor>
                                        <label>$INFO[ListItem.EndTime,$LOCALIZE[31106] ,]</label>
                                        <visible>IsEmpty(ListItem.NextTitle)</visible>
                                    </control>
                                    <control type="label">
                                        <right>30</right>
                                        <width>500</width>
                                        <bottom>8</bottom>
                                        <aligny>center</aligny>
                                        <height>64</height>
                                        <align>right</align>
                                        <font>Tiny</font>
                                        <textcolor>Dark1</textcolor>
                                        <selectedcolor>Dark1</selectedcolor>
                                        <label>$INFO[ListItem.NextTitle,[B],[/B] $LOCALIZE[19031]]</label>
                                    </control>
                                </control>
                            
                            </control>
                        
                            
                        </focusedlayout>
                    </control>
                </control>
                <include>PVRInfoPanel</include>
            </control>
        
            <control type="group">
                <visible>Control.IsVisible(12)</visible>
                <include>Animation.Common</include>
                <control type="group">
                    <right>SidePad</right>
                    <width>1100</width>
                    <top>PosterPad</top>
                    <height>640</height>
                   
                    <control type="list" id="12" description="Next">     
                        <right>0</right>
                        <width>1100</width>
                        <top>0</top>
                        <bottom>0</bottom>
                        <onup>12</onup>
                        <ondown>12</ondown>
                        <onleft>28</onleft>
                        <onright>60</onright>
                        <pagecontrol>60</pagecontrol>
                        <viewtype label="19031">list</viewtype>
                        <scrolltime>200</scrolltime>
                        <orientation>vertical</orientation>
                        <itemlayout height="128" width="1100">
                            <control type="image">                                
                                <left>10</left>
                                <centertop>50%</centertop>
                                <width>111</width>
                                <height>111</height>
                                <aspectratio align="left">keep</aspectratio>
                                <texture fallback="DefaultAddonNone.png">$INFO[Listitem.Icon]</texture>
                            </control>
                            <control type="group">                            
                                <control type="label">
                                    <left>137</left>
                                    <top>12</top>
                                    <aligny>center</aligny>
                                    <height>64</height>
                                    <width>70</width>
                                    <align>right</align>
                                    <font>SmallBold</font>
                                    <textcolor>Dark1</textcolor>
                                    <selectedcolor>Dark1</selectedcolor>
                                    <label>$INFO[ListItem.ChannelNumber]</label>
                                </control>
                                <control type="progress">
                                    <posx>140</posx>
                                    <posy>76</posy>
                                    <width>67</width>
                                    <height>19</height>
                                    <reveal>true</reveal>
                                    <texturebg border="4">osd/progress_back.png</texturebg>
                                    <lefttexture>-</lefttexture>
                                    <midtexture border="4">osd/progress_bar.png</midtexture>
                                    <righttexture>-</righttexture>
                                    <overlaytexture>-</overlaytexture>
                                    <info>ListItem.Progress</info>
                                    <colordiffuse>Dark1</colordiffuse>
                                </control>
                                <control type="label">
                                    <posx>220</posx>
                                    <right>100</right>
                                    <top>12</top>
                                    <aligny>center</aligny>
                                    <height>64</height>
                                    <font>SmallBold</font>
                                    <textcolor>Dark1</textcolor>
                                    <selectedcolor>Dark1</selectedcolor>
                                    <label>$INFO[ListItem.ChannelName]</label>
                                </control>
                                <control type="label">
                                    <posx>220</posx>
                                    <bottom>8</bottom>
                                    <right>100</right>
                                    <aligny>center</aligny>
                                    <height>64</height>
                                    <font>Small</font>
                                    <textcolor>Dark2</textcolor>
                                    <selectedcolor>Dark2</selectedcolor>
                                    <label>$INFO[ListItem.Title]</label>
                                </control>
                                <control type="label">
                                    <right>30</right>
                                    <width>500</width>
                                    <top>12</top>
                                    <aligny>center</aligny>
                                    <height>64</height>
                                    <align>right</align>
                                    <font>Tiny</font>
                                    <textcolor>Dark1</textcolor>
                                    <selectedcolor>Dark1</selectedcolor>
                                    <label>$INFO[ListItem.EndTime,$LOCALIZE[31106] ,]</label>
                                    <visible>!IsEmpty(ListItem.NextTitle)</visible>
                                </control>
                                <control type="label">
                                    <right>30</right>
                                    <width>500</width>
                                    <aligny>center</aligny>
                                    <height>100%</height>
                                    <align>right</align>
                                    <font>Tiny</font>
                                    <textcolor>Dark1</textcolor>
                                    <selectedcolor>Dark1</selectedcolor>
                                    <label>$INFO[ListItem.EndTime,$LOCALIZE[31106] ,]</label>
                                    <visible>IsEmpty(ListItem.NextTitle)</visible>
                                </control>
                                <control type="label">
                                    <right>30</right>
                                    <width>500</width>
                                    <bottom>8</bottom>
                                    <aligny>center</aligny>
                                    <height>64</height>
                                    <align>right</align>
                                    <font>Tiny</font>
                                    <textcolor>Dark1</textcolor>
                                    <selectedcolor>Dark1</selectedcolor>
                                    <label>$INFO[ListItem.NextTitle,[B],[/B] $LOCALIZE[19031]]</label>
                                </control>
                            </control>
                          
                        </itemlayout>
                        
                        
                        <focusedlayout height="128" width="1100">
                            <control type="group">
                                <visible>Control.HasFocus(12)</visible>
                                <control type="image">
                                    <width>100%</width>
                                    <height>100%</height>
                                    <texture colordiffuse="Dark1" border="5">pvr/_PVR_box.png</texture>
                                </control>
                                <control type="image">                                
                                    <left>10</left>
                                    <centertop>50%</centertop>
                                    <width>111</width>
                                    <height>111</height>
                                    <aspectratio align="left">keep</aspectratio>
                                    <texture fallback="DefaultAddonNone.png">$INFO[Listitem.Icon]</texture>
                                </control>
                                
                                <control type="group">
                                    <control type="label">
                                        <left>137</left>
                                        <top>12</top>
                                        <aligny>center</aligny>
                                        <height>64</height>
                                        <width>70</width>
                                        <align>right</align>
                                        <font>SmallBold</font>
                                        <textcolor>Light1</textcolor>
                                        <selectedcolor>Light1</selectedcolor>
                                        <label>$INFO[ListItem.ChannelNumber]</label>
                                    </control>
                                    <control type="progress">
                                        <posx>140</posx>
                                        <posy>76</posy>
                                        <width>67</width>
                                        <height>19</height>
                                        <reveal>true</reveal>
                                        <texturebg border="4">osd/progress_back.png</texturebg>
                                        <lefttexture>-</lefttexture>
                                        <midtexture border="4">osd/progress_bar.png</midtexture>
                                        <righttexture>-</righttexture>
                                        <overlaytexture>-</overlaytexture>
                                        <info>ListItem.Progress</info>
                                        <colordiffuse>Light1</colordiffuse>
                                    </control>
                                    <control type="label">
                                        <posx>220</posx>
                                        <right>100</right>
                                        <top>12</top>
                                        <aligny>center</aligny>
                                        <height>64</height>
                                        <font>SmallBold</font>
                                        <textcolor>Light1</textcolor>
                                        <selectedcolor>Light1</selectedcolor>
                                        <label>$INFO[ListItem.ChannelName]</label>
                                    </control>
                                    <control type="label">
                                        <posx>220</posx>
                                        <bottom>8</bottom>
                                        <right>100</right>
                                        <aligny>center</aligny>
                                        <height>64</height>
                                        <font>Small</font>
                                        <textcolor>Light1</textcolor>
                                        <selectedcolor>Light1</selectedcolor>
                                        <label>$INFO[ListItem.Title]</label>
                                    </control>
                                    <control type="label">
                                        <right>30</right>
                                        <width>500</width>
                                        <top>12</top>
                                        <aligny>center</aligny>
                                        <height>64</height>
                                        <align>right</align>
                                        <font>Tiny</font>
                                        <textcolor>Light1</textcolor>
                                        <selectedcolor>Light1</selectedcolor>
                                        <label>$INFO[ListItem.EndTime,$LOCALIZE[31106] ,]</label>
                                        <visible>!IsEmpty(ListItem.NextTitle)</visible>
                                    </control>
                                    <control type="label">
                                        <right>30</right>
                                        <width>500</width>
                                        <aligny>center</aligny>
                                        <height>100%</height>
                                        <align>right</align>
                                        <font>Tiny</font>
                                        <textcolor>Light1</textcolor>
                                        <selectedcolor>Light1</selectedcolor>
                                        <label>$INFO[ListItem.EndTime,$LOCALIZE[31106] ,]</label>
                                        <visible>IsEmpty(ListItem.NextTitle)</visible>
                                    </control>
                                    <control type="label">
                                        <right>30</right>
                                        <width>500</width>
                                        <bottom>8</bottom>
                                        <aligny>center</aligny>
                                        <height>64</height>
                                        <align>right</align>
                                        <font>Tiny</font>
                                        <textcolor>Light1</textcolor>
                                        <selectedcolor>Light1</selectedcolor>
                                        <label>$INFO[ListItem.NextTitle,[B],[/B] $LOCALIZE[19031]]</label>
                                    </control>
                                </control>
                            </control>
                            <control type="group">
                                <visible>!Control.HasFocus(12)</visible>
                                <control type="image">                                
                                    <left>10</left>
                                    <centertop>50%</centertop>
                                    <width>111</width>
                                    <height>111</height>
                                    <aspectratio align="left">keep</aspectratio>
                                    <texture fallback="DefaultAddonNone.png">$INFO[Listitem.Icon]</texture>
                                </control>
                                <control type="group">                                
                                    <control type="label">
                                        <left>137</left>
                                        <top>12</top>
                                        <aligny>center</aligny>
                                        <height>64</height>
                                        <width>70</width>
                                        <align>right</align>
                                        <font>SmallBold</font>
                                        <textcolor>Dark1</textcolor>
                                        <selectedcolor>Dark1</selectedcolor>
                                        <label>$INFO[ListItem.ChannelNumber]</label>
                                    </control>
                                    <control type="progress">
                                        <posx>140</posx>
                                        <posy>76</posy>
                                        <width>67</width>
                                        <height>19</height>
                                        <reveal>true</reveal>
                                        <texturebg border="4">osd/progress_back.png</texturebg>
                                        <lefttexture>-</lefttexture>
                                        <midtexture border="4">osd/progress_bar.png</midtexture>
                                        <righttexture>-</righttexture>
                                        <overlaytexture>-</overlaytexture>
                                        <info>ListItem.Progress</info>
                                        <colordiffuse>Dark1</colordiffuse>
                                    </control>
                                    <control type="label">
                                        <posx>220</posx>
                                        <right>100</right>
                                        <top>12</top>
                                        <aligny>center</aligny>
                                        <height>64</height>
                                        <font>SmallBold</font>
                                        <textcolor>Dark1</textcolor>
                                        <selectedcolor>Dark1</selectedcolor>
                                        <label>$INFO[ListItem.ChannelName]</label>
                                    </control>
                                    <control type="label">
                                        <posx>220</posx>
                                        <bottom>8</bottom>
                                        <right>100</right>
                                        <aligny>center</aligny>
                                        <height>64</height>
                                        <font>Small</font>
                                        <textcolor>Dark2</textcolor>
                                        <selectedcolor>Dark2</selectedcolor>
                                        <label>$INFO[ListItem.Title]</label>
                                    </control>
                                    <control type="label">
                                        <right>30</right>
                                        <width>500</width>
                                        <top>12</top>
                                        <aligny>center</aligny>
                                        <height>64</height>
                                        <align>right</align>
                                        <font>Tiny</font>
                                        <textcolor>Dark1</textcolor>
                                        <selectedcolor>Dark1</selectedcolor>
                                        <label>$INFO[ListItem.EndTime,$LOCALIZE[31106] ,]</label>
                                        <visible>!IsEmpty(ListItem.NextTitle)</visible>
                                    </control>
                                    <control type="label">
                                        <right>30</right>
                                        <width>500</width>
                                        <aligny>center</aligny>
                                        <height>100%</height>
                                        <align>right</align>
                                        <font>Tiny</font>
                                        <textcolor>Dark1</textcolor>
                                        <selectedcolor>Dark1</selectedcolor>
                                        <label>$INFO[ListItem.EndTime,$LOCALIZE[31106] ,]</label>
                                        <visible>IsEmpty(ListItem.NextTitle)</visible>
                                    </control>
                                    <control type="label">
                                        <right>30</right>
                                        <width>500</width>
                                        <bottom>8</bottom>
                                        <aligny>center</aligny>
                                        <height>64</height>
                                        <align>right</align>
                                        <font>Tiny</font>
                                        <textcolor>Dark1</textcolor>
                                        <selectedcolor>Dark1</selectedcolor>
                                        <label>$INFO[ListItem.NextTitle,[B],[/B] $LOCALIZE[19031]]</label>
                                    </control>
                                </control>
                            
                            </control>
                        
                            
                        </focusedlayout>
                    </control>
                </control>
                
                <include>PVRInfoPanel</include>
            </control>
        
            <control type="group">
                <visible>Control.IsVisible(13)</visible>
                <include>Animation.Common</include>
                <control type="group">
                    <right>SidePad</right>
                    <width>1100</width>
                    <top>PosterPad</top>
                    <height>640</height>
                   
                    <control type="list" id="13" description="Channel">
                        <visible>Player.HasVideo + VideoPlayer.Content(LiveTV)</visible>
                        <right>0</right>
                        <width>1100</width>
                        <top>0</top>
                        <bottom>0</bottom>
                        <onup>13</onup>
                        <ondown>13</ondown>
                        <onleft>28</onleft>
                        <onright>60</onright>
                        <pagecontrol>60</pagecontrol>
                        <viewtype label="19029">list</viewtype>
                        <scrolltime>200</scrolltime>
                        <orientation>vertical</orientation>
                        <itemlayout height="128" width="1100">
                            <control type="image">                                
                                <left>10</left>
                                <centertop>50%</centertop>
                                <width>111</width>
                                <height>111</height>
                                <aspectratio align="left">keep</aspectratio>
                                <texture fallback="DefaultAddonNone.png">$INFO[Listitem.Icon]</texture>
                            </control>
                            <control type="group">                            
                                <control type="label">
                                    <left>137</left>
                                    <top>12</top>
                                    <aligny>center</aligny>
                                    <height>64</height>
                                    <width>70</width>
                                    <align>right</align>
                                    <font>SmallBold</font>
                                    <textcolor>Dark1</textcolor>
                                    <selectedcolor>Dark1</selectedcolor>
                                    <label>$INFO[ListItem.ChannelNumber]</label>
                                </control>
                                <control type="progress">
                                    <posx>140</posx>
                                    <posy>76</posy>
                                    <width>67</width>
                                    <height>19</height>
                                    <reveal>true</reveal>
                                    <texturebg border="4">osd/progress_back.png</texturebg>
                                    <lefttexture>-</lefttexture>
                                    <midtexture border="4">osd/progress_bar.png</midtexture>
                                    <righttexture>-</righttexture>
                                    <overlaytexture>-</overlaytexture>
                                    <info>ListItem.Progress</info>
                                    <colordiffuse>Dark1</colordiffuse>
                                </control>
                                <control type="label">
                                    <posx>220</posx>
                                    <right>100</right>
                                    <top>12</top>
                                    <aligny>center</aligny>
                                    <height>64</height>
                                    <font>SmallBold</font>
                                    <textcolor>Dark1</textcolor>
                                    <selectedcolor>Dark1</selectedcolor>
                                    <label>$INFO[ListItem.ChannelName]</label>
                                </control>
                                <control type="label">
                                    <posx>220</posx>
                                    <bottom>8</bottom>
                                    <right>100</right>
                                    <aligny>center</aligny>
                                    <height>64</height>
                                    <font>Small</font>
                                    <textcolor>Dark2</textcolor>
                                    <selectedcolor>Dark2</selectedcolor>
                                    <label>$INFO[ListItem.Title]</label>
                                </control>
                                <control type="label">
                                    <right>30</right>
                                    <width>500</width>
                                    <top>12</top>
                                    <aligny>center</aligny>
                                    <height>64</height>
                                    <align>right</align>
                                    <font>Tiny</font>
                                    <textcolor>Dark1</textcolor>
                                    <selectedcolor>Dark1</selectedcolor>
                                    <label>$INFO[ListItem.EndTime,$LOCALIZE[31106] ,]</label>
                                    <visible>!IsEmpty(ListItem.NextTitle)</visible>
                                </control>
                                <control type="label">
                                    <right>30</right>
                                    <width>500</width>
                                    <aligny>center</aligny>
                                    <height>100%</height>
                                    <align>right</align>
                                    <font>Tiny</font>
                                    <textcolor>Dark1</textcolor>
                                    <selectedcolor>Dark1</selectedcolor>
                                    <label>$INFO[ListItem.EndTime,$LOCALIZE[31106] ,]</label>
                                    <visible>IsEmpty(ListItem.NextTitle)</visible>
                                </control>
                                <control type="label">
                                    <right>30</right>
                                    <width>500</width>
                                    <bottom>8</bottom>
                                    <aligny>center</aligny>
                                    <height>64</height>
                                    <align>right</align>
                                    <font>Tiny</font>
                                    <textcolor>Dark1</textcolor>
                                    <selectedcolor>Dark1</selectedcolor>
                                    <label>$INFO[ListItem.NextTitle,[B],[/B] $LOCALIZE[19031]]</label>
                                </control>
                            </control>
                          
                        </itemlayout>
                        
                        
                        <focusedlayout height="128" width="1100">
                            <control type="group">
                                <visible>Control.HasFocus(13)</visible>
                                <control type="image">
                                    <width>100%</width>
                                    <height>100%</height>
                                    <texture colordiffuse="Dark1" border="5">pvr/_PVR_box.png</texture>
                                </control>
                                <control type="image">                                
                                    <left>10</left>
                                    <centertop>50%</centertop>
                                    <width>111</width>
                                    <height>111</height>
                                    <aspectratio align="left">keep</aspectratio>
                                    <texture fallback="DefaultAddonNone.png">$INFO[Listitem.Icon]</texture>
                                </control>
                                
                                <control type="group">
                                    <control type="label">
                                        <left>137</left>
                                        <top>12</top>
                                        <aligny>center</aligny>
                                        <height>64</height>
                                        <width>70</width>
                                        <align>right</align>
                                        <font>SmallBold</font>
                                        <textcolor>Light1</textcolor>
                                        <selectedcolor>Light1</selectedcolor>
                                        <label>$INFO[ListItem.ChannelNumber]</label>
                                    </control>
                                    <control type="progress">
                                        <posx>140</posx>
                                        <posy>76</posy>
                                        <width>67</width>
                                        <height>19</height>
                                        <reveal>true</reveal>
                                        <texturebg border="4">osd/progress_back.png</texturebg>
                                        <lefttexture>-</lefttexture>
                                        <midtexture border="4">osd/progress_bar.png</midtexture>
                                        <righttexture>-</righttexture>
                                        <overlaytexture>-</overlaytexture>
                                        <info>ListItem.Progress</info>
                                        <colordiffuse>Light1</colordiffuse>
                                    </control>
                                    <control type="label">
                                        <posx>220</posx>
                                        <right>100</right>
                                        <top>12</top>
                                        <aligny>center</aligny>
                                        <height>64</height>
                                        <font>SmallBold</font>
                                        <textcolor>Light1</textcolor>
                                        <selectedcolor>Light1</selectedcolor>
                                        <label>$INFO[ListItem.ChannelName]</label>
                                    </control>
                                    <control type="label">
                                        <posx>220</posx>
                                        <bottom>8</bottom>
                                        <right>100</right>
                                        <aligny>center</aligny>
                                        <height>64</height>
                                        <font>Small</font>
                                        <textcolor>Light1</textcolor>
                                        <selectedcolor>Light1</selectedcolor>
                                        <label>$INFO[ListItem.Title]</label>
                                    </control>
                                    <control type="label">
                                        <right>30</right>
                                        <width>500</width>
                                        <top>12</top>
                                        <aligny>center</aligny>
                                        <height>64</height>
                                        <align>right</align>
                                        <font>Tiny</font>
                                        <textcolor>Light1</textcolor>
                                        <selectedcolor>Light1</selectedcolor>
                                        <label>$INFO[ListItem.EndTime,$LOCALIZE[31106] ,]</label>
                                        <visible>!IsEmpty(ListItem.NextTitle)</visible>
                                    </control>
                                    <control type="label">
                                        <right>30</right>
                                        <width>500</width>
                                        <aligny>center</aligny>
                                        <height>100%</height>
                                        <align>right</align>
                                        <font>Tiny</font>
                                        <textcolor>Light1</textcolor>
                                        <selectedcolor>Light1</selectedcolor>
                                        <label>$INFO[ListItem.EndTime,$LOCALIZE[31106] ,]</label>
                                        <visible>IsEmpty(ListItem.NextTitle)</visible>
                                    </control>
                                    <control type="label">
                                        <right>30</right>
                                        <width>500</width>
                                        <bottom>8</bottom>
                                        <aligny>center</aligny>
                                        <height>64</height>
                                        <align>right</align>
                                        <font>Tiny</font>
                                        <textcolor>Light1</textcolor>
                                        <selectedcolor>Light1</selectedcolor>
                                        <label>$INFO[ListItem.NextTitle,[B],[/B] $LOCALIZE[19031]]</label>
                                    </control>
                                </control>
                            </control>
                            <control type="group">
                                <visible>!Control.HasFocus(13)</visible>
                                <control type="image">                                
                                    <left>10</left>
                                    <centertop>50%</centertop>
                                    <width>111</width>
                                    <height>111</height>
                                    <aspectratio align="left">keep</aspectratio>
                                    <texture fallback="DefaultAddonNone.png">$INFO[Listitem.Icon]</texture>
                                </control>
                                <control type="group">                                
                                    <control type="label">
                                        <left>137</left>
                                        <top>12</top>
                                        <aligny>center</aligny>
                                        <height>64</height>
                                        <width>70</width>
                                        <align>right</align>
                                        <font>SmallBold</font>
                                        <textcolor>Dark1</textcolor>
                                        <selectedcolor>Dark1</selectedcolor>
                                        <label>$INFO[ListItem.ChannelNumber]</label>
                                    </control>
                                    <control type="progress">
                                        <posx>140</posx>
                                        <posy>76</posy>
                                        <width>67</width>
                                        <height>19</height>
                                        <reveal>true</reveal>
                                        <texturebg border="4">osd/progress_back.png</texturebg>
                                        <lefttexture>-</lefttexture>
                                        <midtexture border="4">osd/progress_bar.png</midtexture>
                                        <righttexture>-</righttexture>
                                        <overlaytexture>-</overlaytexture>
                                        <info>ListItem.Progress</info>
                                        <colordiffuse>Dark1</colordiffuse>
                                    </control>
                                    <control type="label">
                                        <posx>220</posx>
                                        <right>100</right>
                                        <top>12</top>
                                        <aligny>center</aligny>
                                        <height>64</height>
                                        <font>SmallBold</font>
                                        <textcolor>Dark1</textcolor>
                                        <selectedcolor>Dark1</selectedcolor>
                                        <label>$INFO[ListItem.ChannelName]</label>
                                    </control>
                                    <control type="label">
                                        <posx>220</posx>
                                        <bottom>8</bottom>
                                        <right>100</right>
                                        <aligny>center</aligny>
                                        <height>64</height>
                                        <font>Small</font>
                                        <textcolor>Dark2</textcolor>
                                        <selectedcolor>Dark2</selectedcolor>
                                        <label>$INFO[ListItem.Title]</label>
                                    </control>
                                    <control type="label">
                                        <right>30</right>
                                        <width>500</width>
                                        <top>12</top>
                                        <aligny>center</aligny>
                                        <height>64</height>
                                        <align>right</align>
                                        <font>Tiny</font>
                                        <textcolor>Dark1</textcolor>
                                        <selectedcolor>Dark1</selectedcolor>
                                        <label>$INFO[ListItem.EndTime,$LOCALIZE[31106] ,]</label>
                                        <visible>!IsEmpty(ListItem.NextTitle)</visible>
                                    </control>
                                    <control type="label">
                                        <right>30</right>
                                        <width>500</width>
                                        <aligny>center</aligny>
                                        <height>100%</height>
                                        <align>right</align>
                                        <font>Tiny</font>
                                        <textcolor>Dark1</textcolor>
                                        <selectedcolor>Dark1</selectedcolor>
                                        <label>$INFO[ListItem.EndTime,$LOCALIZE[31106] ,]</label>
                                        <visible>IsEmpty(ListItem.NextTitle)</visible>
                                    </control>
                                    <control type="label">
                                        <right>30</right>
                                        <width>500</width>
                                        <bottom>8</bottom>
                                        <aligny>center</aligny>
                                        <height>64</height>
                                        <align>right</align>
                                        <font>Tiny</font>
                                        <textcolor>Dark1</textcolor>
                                        <selectedcolor>Dark1</selectedcolor>
                                        <label>$INFO[ListItem.NextTitle,[B],[/B] $LOCALIZE[19031]]</label>
                                    </control>
                                </control>
                            
                            </control>
                        
                            
                        </focusedlayout>
                    </control>
                </control>
                
                <include>PVRInfoPanel</include>
            </control>
        
        </control>
        <include>PVRSideBlade</include>
    </controls>
</window>
