<?xml version="1.0" encoding="UTF-8"?>
<window>
	<!-- script-ExtendedInfo Script-DialogVideoInfo -->
	<defaultcontrol always="true">999</defaultcontrol>
	<zorder>2</zorder>
	<onload condition="System.HasAddon(script.tvtunes)">RunScript(script.tvtunes,backend=True)</onload>
	<onunload>ClearProperty(ExActor1,home)</onunload>
	<onunload>ClearProperty(ExActor2,home)</onunload>
	<onunload>ClearProperty(ExActor3,home)</onunload>
	<onunload>ClearProperty(Similar,home)</onunload>
	<onunload>SetFocus(1000)</onunload>
	<animation effect="fade" end="100" start="100" time="200">WindowClose</animation>
	<controls>
		<control type="button" id="999">
			<onfocus condition="!IsEmpty(Window.Property(movie.DBID))">SetFocus(8)</onfocus>
			<onfocus condition="IsEmpty(Window.Property(movie.DBID))">SetFocus(7000)</onfocus>
		</control>
		<!-- Hidden Lists -->
		<control id="250" type="list" />
		<control id="350" type="list" />
		<control id="450" type="list" />
		<control id="550" type="list" />
		<control id="650" type="list" />
		<control id="750" type="list" />
		<control id="850" type="list" />
		<control id="950" type="list" />
		<control id="1050" type="list" />
		<control id="1150" type="list" />
		<control id="1250" type="list" />
		<control id="1350" type="list" />
		<!-- Hidden Plot -->
		<control type="textbox">
			<left>-1200</left>
			<width>1192</width>
			<height>122</height>
			<align>left</align>
			<font>Light30Spaced</font>
			<pagecontrol>96</pagecontrol>
			<autoscroll>false</autoscroll>
			<textcolor>ffbbbbbb</textcolor>
			<label>$INFO[Window.Property(Movie.Plot)]</label>
		</control>
		<!-- Hidden scrollbar -->
		<control id="96" type="scrollbar">
			<left>-1200</left>
			<width>1192</width>
			<height>122</height>
			<showonepage>false</showonepage>
			<orientation>vertical</orientation>
		</control>
		<!-- Background -->
		<include>BackgroundImage</include>
		<!-- Fanart -->
		<control type="group">
			<control type="image">
				<include>FullscreenDimensions</include>
				<colordiffuse>26ffffff</colordiffuse>
				<texture background="true">$INFO[Window.Property(movie.fanart)]</texture>
			</control>
			<include>DialogVideoInfoAnimation</include>
		</control>
		<control type="group">
			<left>90</left>
			<top>99</top>
			<include>DialogVideoInfoAnimation</include>
			<animation effect="fade" end="100" start="0" time="200">WindowOpen</animation>
			<!-- Icon -->
			<control type="image">
				<width>320</width>
				<height>480</height>
				<texture>$INFO[Window.Property(movie.Poster)]</texture>
				<aspectratio aligny="center">scale</aspectratio>
			</control>
			<control id="7000" type="button">
				<top>518</top>
				<width>480</width>
				<height>35</height>
				<onup condition="!Control.IsVisible(96)">Close</onup>
				<onup condition="Control.IsVisible(96)">3002</onup>
				<ondown>7001</ondown>
				<onleft>Close</onleft>
				<onright>1000</onright>
				<onfocus>ClearProperty(Similar,home)</onfocus>
				<font>Light35</font>
				<textcolor>ffdadada</textcolor>
				<focusedcolor>ffffc24b</focusedcolor>
				<label>$LOCALIZE[31026]</label>
				<include>NoTextures</include>
				<animation condition="!IsEmpty(Window(home).Property(Similar))" effect="fade" end="50" start="100" time="0">Conditional</animation>
			</control>
			<control id="7001" type="button">
				<top>573</top>
				<width>480</width>
				<height>35</height>
				<onup>7000</onup>
				<ondown>noop</ondown>
				<onleft>Close</onleft>
				<onright condition="!IsEmpty(Container(150).ListItem.Label)">150</onright>
				<onright condition="IsEmpty(Container(150).ListItem.Label)">9001</onright>
				<onfocus>SetProperty(Similar,1,home)</onfocus>
				<font>Light35</font>
				<textcolor>ffdadada</textcolor>
				<focusedcolor>ffffc24b</focusedcolor>
				<label>$LOCALIZE[31070]</label>
				<include>NoTextures</include>
				<animation condition="IsEmpty(Window(home).Property(Similar))" effect="fade" end="50" start="100" time="0">Conditional</animation>
			</control>
		</control>
		<control type="group">
			<left>510</left>
			<top>99</top>
			<animation effect="fade" end="100" start="0" time="200" delay="400">WindowOpen</animation>
			<!-- Heading -->
			<control type="label">
				<top>-7</top>
				<width>1170</width>
				<height>48</height>
				<font>Med48</font>
				<scroll>true</scroll>
				<textcolor>ffdadada</textcolor>
				<scrollspeed>100</scrollspeed>
				<label>$INFO[Window.Property(movie.Title)]</label>
				<include>DialogVideoInfoAnimation</include>
			</control>
			<!-- Year / Runtime / Rating -->
			<control type="grouplist">
				<top>60</top>
				<height>32</height>
				<itemgap>22</itemgap>
				<orientation>horizontal</orientation>
				<usecontrolcoords>true</usecontrolcoords>
				<visible>!Control.HasFocus(1000) + !Control.HasFocus(150)</visible>
				<animation effect="fade" end="0" start="100" time="0">Hidden</animation>
				<animation delay="200" effect="fade" end="100" start="0" time="80">Visible</animation>
				<control type="label">
					<top>-6</top>
					<width>auto</width>
					<height>32</height>
					<font>Light32</font>
					<aligny>bottom</aligny>
					<textcolor>ffbebebe</textcolor>
					<label>$INFO[Window.Property(movie.year)]</label>
					<visible>!IsEmpty(Window.Property(movie.year))</visible>
				</control>
				<control type="label">
					<top>-6</top>
					<width>auto</width>
					<height>32</height>
					<font>Light32</font>
					<aligny>bottom</aligny>
					<textcolor>ffbebebe</textcolor>
					<label>$VAR[ExtendedDuration] </label>
					<visible>!IsEmpty(Window.Property(movie.Duration))</visible>
				</control>
				<control type="image">
					<top>3</top>
					<width>35</width>
					<height>23</height>
					<colordiffuse>ffdadada</colordiffuse>
					<texture>rating/cc.png</texture>
					<visible>!IsEmpty(Window.Property(movie.SubtitleLanguage))</visible>
				</control>
			</control>
			<!-- Star rating / Votes / Rating -->
			<control type="grouplist">
				<top>100</top>
				<height>36</height>
				<itemgap>10</itemgap>
				<orientation>horizontal</orientation>
				<usecontrolcoords>true</usecontrolcoords>
				<visible>!Control.HasFocus(1000) + !Control.HasFocus(150)</visible>
				<animation effect="fade" end="0" start="100" time="0">Hidden</animation>
				<animation delay="200" effect="fade" end="100" start="0" time="80">Visible</animation>
				<control type="image">
					<top>2</top>
					<width>137</width>
					<height>24</height>
					<texture>$VAR[StarRating]</texture>
					<visible>!IsEmpty(Window.Property(movie.rating))</visible>
				</control>
				<control type="label">
					<top>-4</top>
					<width>auto</width>
					<height>24</height>
					<font>Med30</font>
					<aligny>bottom</aligny>
					<textcolor>ff717171</textcolor>
					<label>$INFO[Window.Property(movie.votes),(,) ]</label>
					<visible>!IsEmpty(Window.Property(movie.votes)) + IntegerGreaterThan(Window.Property(movie.votes),0)</visible>
				</control>
				<control type="image">
					<top>4</top>
					<width>48</width>
					<height>23</height>
					<texture>views/imdb.png</texture>
					<visible>!IsEmpty(Window.Property(movie.rating)) + !Container.Content(tvshows)</visible>
				</control>
				<control type="image">
					<top>3</top>
					<width>47</width>
					<height>23</height>
					<texture>views/tvdb.png</texture>
					<visible>!IsEmpty(Window.Property(movie.rating)) + Container.Content(tvshows)</visible>
				</control>
				<control type="label">
					<top>-13</top>
					<width>auto</width>
					<height>34</height>
					<font>Bold30</font>
					<aligny>bottom</aligny>
					<textcolor>ffbcbcbc</textcolor>
					<label>$INFO[Window.Property(movie.rating),,/10]</label>
					<visible>!IsEmpty(Window.Property(movie.rating))</visible>
				</control>
			</control>
			<control type="grouplist">
				<top>156</top>
				<width>2800</width>
				<height>1400</height>
				<itemgap>0</itemgap>
				<ondown condition="!IsEmpty(Window.Property(movie.DBID))">8</ondown>
				<ondown condition="IntegerGreaterThan(Container(1150).NumItems,0)">206</ondown>
				<ondown>1000</ondown>
				<orientation>vertical</orientation>
				<usecontrolcoords>true</usecontrolcoords>
				<animation condition="Control.HasFocus(1000) | Control.HasFocus(150)" effect="slide" end="0,-91" start="0,0" time="200">Conditional</animation>
				<!-- Plot -->
				<control type="textbox">
					<width>1192</width>
					<height max="122">auto</height>
					<align>left</align>
					<font>Light30Spaced</font>
					<autoscroll>false</autoscroll>
					<textcolor>ffbbbbbb</textcolor>
					<label>$INFO[Window.Property(Movie.Plot)]</label>
					<include>DialogVideoInfoAnimation</include>
					<visible>!IsEmpty(Window.Property(Movie.Plot))</visible>
				</control>
				<control id="3003" type="button">
					<onfocus>Close</onfocus>
					<visible allowhiddenfocus="true">false</visible>
				</control>
				<!-- More button -->
				<control id="3002" type="button">
					<left>1194</left>
					<top>-34</top>
					<width>37</width>
					<height>23</height>
					<onleft>7000</onleft>
					<onright>8</onright>
					<onclick>SetFocus(4000)</onclick>
					<include>DialogVideoInfoAnimation</include>
					<texturefocus>views/more_fo.png</texturefocus>
					<texturenofocus>views/more_nf.png</texturenofocus>
					<visible>Control.IsVisible(96)</visible>
				</control>
			</control>
			<!-- Starring -->
			<control type="grouplist">
				<top>297</top>
				<height>36</height>
				<itemgap>20</itemgap>
				<include>DialogVideoInfoAnimation</include>
				<orientation>horizontal</orientation>
				<usecontrolcoords>true</usecontrolcoords>
				<visible>!IsEmpty(Container(1000).ListItemNoWrap(0).Label)</visible>
				<animation condition="Control.HasFocus(1000) | Control.HasFocus(150)" effect="fade" end="0" start="100" time="0">Conditional</animation>
				<animation condition="!Control.HasFocus(1000) + !Control.HasFocus(150)" delay="200" effect="fade" end="100" start="0" time="80">Conditional</animation>
				<control type="label">
					<width>auto</width>
					<height>24</height>
					<font>Med30</font>
					<aligny>bottom</aligny>
					<textcolor>ff717171</textcolor>
					<label>$LOCALIZE[31071]:</label>
				</control>
				<control type="label">
					<top>-1</top>
					<width max="1024">auto</width>
					<height>24</height>
					<font>Light30Spaced</font>
					<aligny>bottom</aligny>
					<textcolor>ffbcbcbc</textcolor>
					<label>$INFO[Window(home).Property(ExActor1)]$INFO[Window(home).Property(ExActor2),$COMMA ]$INFO[Window(home).Property(ExActor3),$COMMA ]</label>
					<visible>!IsEmpty(Window(home).Property(ExActor1))</visible>
				</control>
				<control type="label">
					<top>-1</top>
					<width max="1024">auto</width>
					<height>24</height>
					<font>Light30Spaced</font>
					<aligny>bottom</aligny>
					<textcolor>ffbcbcbc</textcolor>
					<label>$INFO[Container(1000).ListItemNoWrap(0).Label]$INFO[Container(1000).ListItemNoWrap(1).Label,$COMMA ]$INFO[Container(1000).ListItemNoWrap(2).Label,$COMMA ]</label>
					<visible>IsEmpty(Window(home).Property(ExActor1))</visible>
				</control>
			</control>
			<!-- Director -->
			<control type="grouplist">
				<top>339</top>
				<width>1192</width>
				<height>36</height>
				<itemgap>20</itemgap>
				<include>DialogVideoInfoAnimation</include>
				<orientation>horizontal</orientation>
				<usecontrolcoords>true</usecontrolcoords>
				<visible>!IsEmpty(Window.Property(movie.director))</visible>
				<animation condition="Control.HasFocus(1000) | Control.HasFocus(150)" effect="fade" end="0" start="100" time="0">Conditional</animation>
				<animation condition="!Control.HasFocus(1000) + !Control.HasFocus(150)" delay="200" effect="fade" end="100" start="0" time="80">Conditional</animation>
				<control type="label">
					<width>auto</width>
					<height>24</height>
					<font>Med30</font>
					<aligny>bottom</aligny>
					<textcolor>ff717171</textcolor>
					<label>$LOCALIZE[31072]:</label>
				</control>
				<control type="label">
					<top>-1</top>
					<width>auto</width>
					<height>24</height>
					<font>Light30Spaced</font>
					<aligny>bottom</aligny>
					<textcolor>ffbcbcbc</textcolor>
					<label>$INFO[Window.Property(movie.director)]</label>
				</control>
			</control>
			<!-- Button grouplist -->
			<control id="9000" type="grouplist">
				<left>-2</left>
				<top>409</top>
				<width>1620</width>
				<height>116</height>
				<itemgap>10</itemgap>
				<onleft>7000</onleft>
				<onright>noop</onright>
				<orientation>horizontal</orientation>
				<include>DialogVideoInfoAnimation</include>
				<defaultcontrol always="true">9001</defaultcontrol>
				<animation condition="Control.HasFocus(1000) | Control.HasFocus(150)" effect="slide" end="0,-192" start="0,0" time="200">Conditional</animation>
				<!-- Dummy to always set focus to first visible button -->
				<control id="9001" type="button">
					<width>-10</width>
					<height>0</height>
					<label>-</label>
					<onfocus>Right</onfocus>
					<include>NoTextures</include>
					<visible>!Control.HasFocus(8) + !Control.HasFocus(206)</visible>
				</control>
				<!-- Play/Browse Button -->
				<control id="8" type="button">
					<include condition="SubString(System.Language,English)">Width174</include>
					<include condition="!SubString(System.Language,English)">WidthInfoDefault</include>
					<height>116</height>
					<onup condition="!Control.IsVisible(96)">Close</onup>
					<onup condition="Control.IsVisible(96)">3002</onup>
					<ondown condition="Control.IsVisible(150)">150</ondown>
					<ondown condition="Control.IsVisible(1000)">1000</ondown>
					<font>Med24</font>
					<label>$LOCALIZE[31109]</label>
					<textoffsetx>20</textoffsetx>
					<textcolor>ffdadada</textcolor>
					<focusedcolor>ff222222</focusedcolor>
					<texturefocus border="3,5,6,8">views/button_fo.png</texturefocus>
					<texturenofocus border="3,3,6,6">views/button_nf.png</texturenofocus>
					<visible>!IsEmpty(Window.Property(movie.DBID))</visible>
				</control>
				<control id="206" type="button">
					<include condition="SubString(System.Language,English)">Width134</include>
					<include condition="!SubString(System.Language,English)">WidthInfoDefault</include>
					<height>116</height>
					<onup condition="!Control.IsVisible(96)">Close</onup>
					<onup condition="Control.IsVisible(96)">3002</onup>
					<ondown condition="Control.IsVisible(150)">150</ondown>
					<ondown condition="Control.IsVisible(1000)">1000</ondown>
					<font>Med24</font>
					<label>$LOCALIZE[31075]</label>
					<textoffsetx>20</textoffsetx>
					<textcolor>ffdadada</textcolor>
					<focusedcolor>ff222222</focusedcolor>
					<visible>IntegerGreaterThan(Container(1150).NumItems,0)</visible>
					<texturefocus border="3,5,6,8">views/button_fo.png</texturefocus>
					<texturenofocus border="3,3,6,6">views/button_nf.png</texturenofocus>
				</control>
			</control>
		</control>
		<control type="group">
			<left>-67</left>
			<top>686</top>
			<animation effect="fade" end="100" start="0" time="200" delay="800">WindowOpen</animation>
			<!-- Cast label -->
			<control type="label">
				<left>575</left>
				<width>1000</width>
				<height>32</height>
				<font>Med32</font>
				<textcolor>ff717171</textcolor>
				<label>$LOCALIZE[31076]</label>
				<visible>IsEmpty(Window(home).Property(Similar)) + !IsEmpty(Container(1000).ListItem.Label) + !Control.HasFocus(1000)</visible>
				<animation delay="400" effect="fade" end="100" start="0" time="200">Visible</animation>
				<animation effect="fade" end="0" start="100" time="0">Hidden</animation>
			</control>
			<!-- Cast -->
			<control id="1000" type="fixedlist">
				<left>-25</left>
				<top>-271</top>
				<width>2600</width>
				<height>576</height>
				<onup condition="!IsEmpty(Window.Property(movie.DBID)) | IntegerGreaterThan(Container(1150).NumItems,0)">9001</onup>
				<onup condition="Control.IsVisible(96)">3002</onup>
				<onup>noop</onup>
				<ondown>noop</ondown>
				<onleft>7000</onleft>
				<onright>noop</onright>
				<onright condition="!Window.IsVisible(1103)">SetProperty(BounceRight,1,Home)</onright>
				<onback>9001</onback>
				<preloaditems>2</preloaditems>
				<focusposition>2</focusposition>
				<viewtype label="">list</viewtype>
				<orientation>horizontal</orientation>
				<scrolltime easing="inout" tween="sine">300</scrolltime>
				<visible>IsEmpty(Window(home).Property(Similar))</visible>
				<animation condition="Window.IsVisible(1103)" reversible="false" type="Conditional">
					<effect easing="out" end="-20,0" start="0,0" time="60" tween="sine" type="slide" />
					<effect delay="80" easing="out" end="20,0" start="0,0" time="120" tween="sine" type="slide" />
				</animation>
				<animation effect="fade" end="100" start="0" time="300">Visible</animation>
				<animation effect="fade" end="0" start="100" time="300">Hidden</animation>
				<animation center="480,1022" condition="!Control.HasFocus(1000)" easing="inout" effect="zoom" end="81" start="100" time="300" tween="sine">Conditional</animation>
				<itemlayout height="576" width="300">
					<control type="group">
						<visible>Control.HasFocus(1000)</visible>
						<animation center="150,288" condition="true" effect="zoom" end="85" start="85">Conditional</animation>
						<control type="image">
							<top>48</top>
							<width>320</width>
							<height>480</height>
							<aspectratio align="center">scale</aspectratio>
							<texture background="true">$INFO[ListItem.Icon]</texture>
						</control>
						<control type="image">
							<left>-48</left>
							<centertop>288</centertop>
							<width>416</width>
							<height>576</height>
							<texture border="66,66,51,51">views/shadow_nf.png</texture>
						</control>
						<control type="image">
							<top>48</top>
							<width>320</width>
							<height>480</height>
							<texture border="2">views/season_overlay.png</texture>
							<visible>!SubString(ListItem.Icon,Default)</visible>
						</control>
						<control type="label">
							<left>18</left>
							<top>412</top>
							<width>290</width>
							<height>42</height>
							<font>Bold42</font>
							<textcolor>ffffffff</textcolor>
							<shadowcolor>80000000</shadowcolor>
							<label>$INFO[ListItem.Label]</label>
						</control>
						<control type="label">
							<left>18</left>
							<top>463</top>
							<width>290</width>
							<height>28</height>
							<font>Med28</font>
							<scroll>false</scroll>
							<textcolor>ffffffff</textcolor>
							<shadowcolor>80000000</shadowcolor>
							<label>$INFO[ListItem.Property(character),$LOCALIZE[20347] ,]</label>
						</control>
						<control type="image">
							<top>48</top>
							<width>320</width>
							<height>480</height>
							<texture>views/OverlayNF.png</texture>
							<visible>Control.HasFocus(1000)</visible>
							<animation center="auto" easing="inout" effect="fade" end="100" start="0" time="300" tween="sine">VisibleChange</animation>
						</control>
					</control>
				</itemlayout>
				<focusedlayout height="576" width="300">
					<control type="button">
						<texturefocus>-</texturefocus>
						<texturenofocus>-</texturenofocus>
						<onfocus condition="IsEmpty(Window(home).Property(ExActor1))">SetProperty(ExActor1,$INFO[Container(1000).ListItemNoWrap(0).Label],home)</onfocus>
						<onfocus condition="IsEmpty(Window(home).Property(ExActor2))">SetProperty(ExActor2,$INFO[Container(1000).ListItemNoWrap(1).Label],home)</onfocus>
						<onfocus condition="IsEmpty(Window(home).Property(ExActor3))">SetProperty(ExActor3,$INFO[Container(1000).ListItemNoWrap(2).Label],home)</onfocus>
					</control>
					<control type="group">
						<animation center="150,288" condition="Control.HasFocus(1000) + [Container(1000).OnNext | Container(1000).OnPrevious]" easing="inout" effect="zoom" end="100" start="85" time="300" tween="sine">Focus</animation>
						<animation center="150,288" condition="Control.HasFocus(1000) + [Container(1000).OnNext | Container(1000).OnPrevious]" easing="inout" effect="zoom" end="85" start="100" time="300" tween="sine">UnFocus</animation>
						<animation center="150,288" condition="!Control.HasFocus(1000)" easing="inout" effect="zoom" end="85" start="100" time="300" tween="sine">Conditional</animation>
						<control type="image">
							<top>48</top>
							<width>320</width>
							<height>480</height>
							<aspectratio align="center">scale</aspectratio>
							<texture background="true">$INFO[ListItem.Icon]</texture>
						</control>
						<control type="image">
							<left>-48</left>
							<centertop>288</centertop>
							<width>416</width>
							<height>576</height>
							<texture border="51">views/shadow_fo.png</texture>
							<animation center="auto" condition="Control.HasFocus(1000) | Container(1000).OnNext | Container(1000).OnPrevious" easing="inout" effect="fade" end="100" start="0" time="300" tween="sine">Focus</animation>
							<animation center="auto" condition="Container(1000).OnNext | Container(1000).OnPrevious" easing="inout" effect="fade" end="0" start="100" time="300" tween="sine">UnFocus</animation>
						</control>
						<control type="image">
							<left>-48</left>
							<centertop>288</centertop>
							<width>416</width>
							<height>576</height>
							<texture border="66,66,51,51">views/shadow_nf.png</texture>
							<animation center="auto" condition="Control.HasFocus(1000)" easing="inout" effect="fade" end="0" start="100" time="300" tween="sine">Focus</animation>
							<animation center="auto" condition="Control.HasFocus(1000)" easing="inout" effect="fade" end="100" start="0" time="300" tween="sine">UnFocus</animation>
						</control>
						<control type="image">
							<top>48</top>
							<width>320</width>
							<height>480</height>
							<texture border="2">views/season_overlay.png</texture>
							<visible>!SubString(ListItem.Icon,Default)</visible>
							<animation center="auto" condition="Control.HasFocus(1000)" easing="inout" effect="fade" end="0" start="100" time="300" tween="sine">Focus</animation>
							<animation center="auto" condition="Control.HasFocus(1000)" easing="inout" effect="fade" end="100" start="0" time="300" tween="sine">UnFocus</animation>
						</control>
						<control type="label">
							<left>18</left>
							<top>412</top>
							<width>290</width>
							<height>42</height>
							<font>Bold42</font>
							<scroll>false</scroll>
							<textcolor>ffffffff</textcolor>
							<shadowcolor>80000000</shadowcolor>
							<label>$INFO[ListItem.Label]</label>
							<animation center="auto" condition="Control.HasFocus(1000)" easing="inout" effect="fade" end="0" start="100" time="300" tween="sine">Focus</animation>
							<animation center="auto" condition="Control.HasFocus(1000)" easing="inout" effect="fade" end="100" start="0" time="300" tween="sine">UnFocus</animation>
						</control>
						<control type="label">
							<left>18</left>
							<top>463</top>
							<width>290</width>
							<height>28</height>
							<font>Med28</font>
							<scroll>false</scroll>
							<textcolor>ffffffff</textcolor>
							<shadowcolor>80000000</shadowcolor>
							<label>$INFO[ListItem.Property(character),$LOCALIZE[20347] ,]</label>
							<animation center="auto" condition="Control.HasFocus(1000)" easing="inout" effect="fade" end="0" start="100" time="300" tween="sine">Focus</animation>
							<animation center="auto" condition="Control.HasFocus(1000)" easing="inout" effect="fade" end="100" start="0" time="300" tween="sine">UnFocus</animation>
						</control>
						<control type="image">
							<top>48</top>
							<width>320</width>
							<height>480</height>
							<texture>views/OverlayNF.png</texture>
							<visible>Control.HasFocus(1000)</visible>
							<animation center="auto" condition="Control.HasFocus(1000)" easing="inout" effect="fade" end="0" start="100" time="300" tween="sine">Focus</animation>
							<animation center="auto" condition="Control.HasFocus(1000)" easing="inout" effect="fade" end="100" start="0" time="300" tween="sine">UnFocus</animation>
						</control>
					</control>
				</focusedlayout>
			</control>
			<control type="group">
				<left>1030</left>
				<top>-319</top>
				<visible>IsEmpty(Window(home).Property(Similar)) + !Control.HasFocus(1000) + !IsEmpty(Container(1000).ListItem.Label)</visible>
				<animation center="480,1022" condition="!Control.HasFocus(1000)" easing="inout" effect="zoom" end="81" start="100" time="300" tween="sine">Conditional</animation>
				<animation center="150,288" condition="true" effect="zoom" end="85" start="85">Conditional</animation>
				<control type="group">
					<visible>!IsEmpty(Container(1000).ListItemNoWrap(1).Label)</visible>
					<control type="image">
						<top>48</top>
						<width>320</width>
						<height>480</height>
						<aspectratio align="center">scale</aspectratio>
						<texture background="true" fallback="views/movie_fallback.png">$INFO[Container(1000).ListItemNoWrap(1).Icon]</texture>
					</control>
					<control type="image">
						<left>-48</left>
						<centertop>288</centertop>
						<width>416</width>
						<height>576</height>
						<texture border="66,66,51,51">views/shadow_nf.png</texture>
					</control>
					<control type="image">
						<top>48</top>
						<width>320</width>
						<height>480</height>
						<texture border="2">views/season_overlay.png</texture>
						<visible>!SubString(ListItem.Icon,Default)</visible>
					</control>
					<control type="label">
						<left>18</left>
						<top>412</top>
						<width>290</width>
						<height>42</height>
						<font>Bold42</font>
						<textcolor>ffffffff</textcolor>
						<shadowcolor>80000000</shadowcolor>
						<label>$INFO[Container(1000).ListItemNoWrap(1).Label]</label>
					</control>
					<control type="label">
						<left>18</left>
						<top>463</top>
						<width>290</width>
						<height>28</height>
						<font>Med28</font>
						<scroll>false</scroll>
						<textcolor>ffffffff</textcolor>
						<shadowcolor>80000000</shadowcolor>
						<label>$INFO[Container(1000).ListItemNoWrap(1).Property(character),$LOCALIZE[20347] ,]</label>
					</control>
				</control>
				<control type="group">
					<left>352</left>
					<visible>!IsEmpty(Container(1000).ListItemNoWrap(2).Label)</visible>
					<control type="image">
						<top>48</top>
						<width>320</width>
						<height>480</height>
						<aspectratio align="center">scale</aspectratio>
						<texture background="true" fallback="views/movie_fallback.png">$INFO[Container(1000).ListItemNoWrap(2).Icon]</texture>
					</control>
					<control type="image">
						<left>-48</left>
						<centertop>288</centertop>
						<width>416</width>
						<height>576</height>
						<texture border="66,66,51,51">views/shadow_nf.png</texture>
					</control>
					<control type="image">
						<top>48</top>
						<width>320</width>
						<height>480</height>
						<texture border="2">views/season_overlay.png</texture>
						<visible>!SubString(ListItem.Icon,Default)</visible>
					</control>
					<control type="label">
						<left>18</left>
						<top>412</top>
						<width>290</width>
						<height>42</height>
						<font>Bold42</font>
						<textcolor>ffffffff</textcolor>
						<shadowcolor>80000000</shadowcolor>
						<label>$INFO[Container(1000).ListItemNoWrap(2).Label]</label>
					</control>
					<control type="label">
						<left>18</left>
						<top>463</top>
						<width>290</width>
						<height>28</height>
						<font>Med28</font>
						<scroll>false</scroll>
						<textcolor>ffffffff</textcolor>
						<shadowcolor>80000000</shadowcolor>
						<label>$INFO[Container(1000).ListItemNoWrap(2).Property(character),$LOCALIZE[20347] ,]</label>
					</control>
				</control>
				<control type="group">
					<left>705</left>
					<visible>!IsEmpty(Container(1000).ListItemNoWrap(3).Label)</visible>
					<control type="image">
						<top>48</top>
						<width>320</width>
						<height>480</height>
						<aspectratio align="center">scale</aspectratio>
						<texture background="true" fallback="views/movie_fallback.png">$INFO[Container(1000).ListItemNoWrap(3).Icon]</texture>
					</control>
					<control type="image">
						<left>-48</left>
						<centertop>288</centertop>
						<width>416</width>
						<height>576</height>
						<texture border="66,66,51,51">views/shadow_nf.png</texture>
					</control>
					<control type="image">
						<top>48</top>
						<width>320</width>
						<height>480</height>
						<texture border="2">views/season_overlay.png</texture>
						<visible>!SubString(ListItem.Icon,Default)</visible>
					</control>
					<control type="label">
						<left>18</left>
						<top>412</top>
						<width>290</width>
						<height>42</height>
						<font>Bold42</font>
						<textcolor>ffffffff</textcolor>
						<shadowcolor>80000000</shadowcolor>
						<label>$INFO[Container(1000).ListItemNoWrap(3).Label]</label>
					</control>
					<control type="label">
						<left>18</left>
						<top>463</top>
						<width>290</width>
						<height>28</height>
						<font>Med28</font>
						<scroll>false</scroll>
						<textcolor>ffffffff</textcolor>
						<shadowcolor>80000000</shadowcolor>
						<label>$INFO[Container(1000).ListItemNoWrap(3).Property(character),$LOCALIZE[20347] ,]</label>
					</control>
				</control>
				<control type="group">
					<left>1058</left>
					<visible>!IsEmpty(Container(1000).ListItemNoWrap(4).Label)</visible>
					<control type="image">
						<top>48</top>
						<width>320</width>
						<height>480</height>
						<aspectratio align="center">scale</aspectratio>
						<texture background="true" fallback="views/movie_fallback.png">$INFO[Container(1000).ListItemNoWrap(4).Icon]</texture>
					</control>
					<control type="image">
						<left>-48</left>
						<centertop>288</centertop>
						<width>416</width>
						<height>576</height>
						<texture border="66,66,51,51">views/shadow_nf.png</texture>
					</control>
					<control type="image">
						<top>48</top>
						<width>320</width>
						<height>480</height>
						<texture border="2">views/season_overlay.png</texture>
						<visible>!SubString(ListItem.Icon,Default)</visible>
					</control>
					<control type="label">
						<left>18</left>
						<top>412</top>
						<width>290</width>
						<height>42</height>
						<font>Bold42</font>
						<textcolor>ffffffff</textcolor>
						<shadowcolor>80000000</shadowcolor>
						<label>$INFO[Container(1000).ListItemNoWrap(4).Label]</label>
					</control>
					<control type="label">
						<left>18</left>
						<top>463</top>
						<width>290</width>
						<height>28</height>
						<font>Med28</font>
						<scroll>false</scroll>
						<textcolor>ffffffff</textcolor>
						<shadowcolor>80000000</shadowcolor>
						<label>$INFO[Container(1000).ListItemNoWrap(4).Property(character),$LOCALIZE[20347] ,]</label>
					</control>
				</control>
				<control type="group">
					<left>1411</left>
					<visible>!IsEmpty(Container(1000).ListItemNoWrap(5).Label)</visible>
					<control type="image">
						<top>48</top>
						<width>320</width>
						<height>480</height>
						<aspectratio align="center">scale</aspectratio>
						<texture background="true" fallback="views/movie_fallback.png">$INFO[Container(1000).ListItemNoWrap(5).Icon]</texture>
					</control>
					<control type="image">
						<left>-48</left>
						<centertop>288</centertop>
						<width>416</width>
						<height>576</height>
						<texture border="66,66,51,51">views/shadow_nf.png</texture>
					</control>
					<control type="image">
						<top>48</top>
						<width>320</width>
						<height>480</height>
						<texture border="2">views/season_overlay.png</texture>
						<visible>!SubString(ListItem.Icon,Default)</visible>
					</control>
					<control type="label">
						<left>18</left>
						<top>412</top>
						<width>290</width>
						<height>42</height>
						<font>Bold42</font>
						<textcolor>ffffffff</textcolor>
						<shadowcolor>80000000</shadowcolor>
						<label>$INFO[Container(1000).ListItemNoWrap(5).Label]</label>
					</control>
					<control type="label">
						<left>18</left>
						<top>463</top>
						<width>290</width>
						<height>28</height>
						<font>Med28</font>
						<scroll>false</scroll>
						<textcolor>ffffffff</textcolor>
						<shadowcolor>80000000</shadowcolor>
						<label>$INFO[Container(1000).ListItemNoWrap(5).Property(character),$LOCALIZE[20347] ,]</label>
					</control>
				</control>
			</control>
			<!-- Similar videos -->
			<control type="label">
				<left>575</left>
				<width>1000</width>
				<height>32</height>
				<font>Med32</font>
				<textcolor>ff717171</textcolor>
				<label>$LOCALIZE[31077]</label>
				<visible>!IsEmpty(Window(home).Property(Similar)) + !IsEmpty(Container(150).ListItem.Label) + !Control.HasFocus(150)</visible>
				<animation delay="400" effect="fade" end="100" start="0" time="200">Visible</animation>
				<animation effect="fade" end="0" start="100" time="0">Hidden</animation>
			</control>
			<!-- No similar videos -->
			<control type="label">
				<top>120</top>
				<left>575</left>
				<width>1000</width>
				<height>32</height>
				<font>Med54</font>
				<textcolor>ffbebebe</textcolor>
				<label>$LOCALIZE[31078]</label>
				<visible>!IsEmpty(Window(home).Property(Similar)) + IsEmpty(Container(150).ListItem.Label)</visible>
				<animation delay="400" effect="fade" end="100" start="0" time="200">Visible</animation>
				<animation condition="Control.HasFocus(150)" effect="fade" end="0" start="100" time="0">Conditional</animation>
				<animation condition="!Control.HasFocus(150)" delay="200" effect="fade" end="100" start="0" time="80">Conditional</animation>
			</control>
			<!-- Video list -->
			<control id="150" type="fixedlist">
				<left>-25</left>
				<top>-271</top>
				<width>2600</width>
				<height>576</height>
				<onup>9001</onup>
				<ondown>noop</ondown>
				<onleft>7001</onleft>
				<onright>noop</onright>
				<onright condition="!Window.IsVisible(1103)">SetProperty(BounceRight,1,Home)</onright>
				<onback>9001</onback>
				<preloaditems>2</preloaditems>
				<focusposition>2</focusposition>
				<viewtype label="">list</viewtype>
				<orientation>horizontal</orientation>
				<scrolltime easing="inout" tween="sine">300</scrolltime>
				<visible>!IsEmpty(Window(home).Property(Similar))</visible>
				<animation condition="Window.IsVisible(1103)" reversible="false" type="Conditional">
					<effect easing="out" end="-20,0" start="0,0" time="60" tween="sine" type="slide" />
					<effect delay="80" easing="out" end="20,0" start="0,0" time="120" tween="sine" type="slide" />
				</animation>
				<animation delay="300" effect="fade" end="100" start="0" time="300">Visible</animation>
				<animation effect="fade" end="0" start="100" time="300">Hidden</animation>
				<animation center="480,1022" condition="!Control.HasFocus(150)" easing="inout" effect="zoom" end="81" start="100" time="300" tween="sine">Conditional</animation>
				<itemlayout height="576" width="300">
					<control type="group">
						<visible>Control.HasFocus(150)</visible>
						<animation center="150,288" condition="true" effect="zoom" end="85" start="85">Conditional</animation>
						<control type="image">
							<top>48</top>
							<width>320</width>
							<height>480</height>
							<aspectratio align="center">scale</aspectratio>
							<texture background="true" fallback="views/movie_fallback.png">$INFO[ListItem.Art(poster)]</texture>
						</control>
						<control type="image">
							<left>-48</left>
							<centertop>288</centertop>
							<width>416</width>
							<height>576</height>
							<texture border="66,66,51,51">views/shadow_nf.png</texture>
						</control>
						<control type="label">
							<left>18</left>
							<top>455</top>
							<width>290</width>
							<height>42</height>
							<font>Bold42</font>
							<textcolor>ffffffff</textcolor>
							<shadowcolor>80000000</shadowcolor>
							<label>$INFO[ListItem.Label]</label>
							<visible>IsEmpty(ListItem.Art(poster))</visible>
						</control>
						<control type="image">
							<top>48</top>
							<width>320</width>
							<height>480</height>
							<texture>views/OverlayNF.png</texture>
							<visible>Control.HasFocus(150)</visible>
							<animation center="auto" easing="inout" effect="fade" end="100" start="0" time="300" tween="sine">VisibleChange</animation>
						</control>
					</control>
				</itemlayout>
				<focusedlayout height="576" width="300">
					<control type="group">
						<animation center="150,288" condition="Control.HasFocus(150) + [Container(150).OnNext | Container(150).OnPrevious]" easing="inout" effect="zoom" end="100" start="85" time="300" tween="sine">Focus</animation>
						<animation center="150,288" condition="Control.HasFocus(150) + [Container(150).OnNext | Container(150).OnPrevious]" easing="inout" effect="zoom" end="85" start="100" time="300" tween="sine">UnFocus</animation>
						<animation center="150,288" condition="!Control.HasFocus(150)" easing="inout" effect="zoom" end="85" start="100" time="300" tween="sine">Conditional</animation>
						<control type="image">
							<top>48</top>
							<width>320</width>
							<height>480</height>
							<aspectratio align="center">scale</aspectratio>
							<texture background="true" fallback="views/movie_fallback.png">$INFO[ListItem.Art(poster)]</texture>
						</control>
						<control type="image">
							<left>-48</left>
							<centertop>288</centertop>
							<width>416</width>
							<height>576</height>
							<texture border="51">views/shadow_fo.png</texture>
							<animation center="auto" condition="Control.HasFocus(150) | Container(150).OnNext | Container(150).OnPrevious" easing="inout" effect="fade" end="100" start="0" time="300" tween="sine">Focus</animation>
							<animation center="auto" condition="Container(150).OnNext | Container(150).OnPrevious" easing="inout" effect="fade" end="0" start="100" time="300" tween="sine">UnFocus</animation>
						</control>
						<control type="image">
							<left>-48</left>
							<centertop>288</centertop>
							<width>416</width>
							<height>576</height>
							<texture border="66,66,51,51">views/shadow_nf.png</texture>
							<animation center="auto" condition="Control.HasFocus(150)" easing="inout" effect="fade" end="0" start="100" time="300" tween="sine">Focus</animation>
							<animation center="auto" condition="Control.HasFocus(150)" easing="inout" effect="fade" end="100" start="0" time="300" tween="sine">UnFocus</animation>
						</control>
						<control type="label">
							<left>18</left>
							<top>455</top>
							<width>290</width>
							<height>42</height>
							<font>Bold42</font>
							<textcolor>ffffffff</textcolor>
							<shadowcolor>80000000</shadowcolor>
							<label>$INFO[ListItem.Label]</label>
							<visible>IsEmpty(ListItem.Art(poster))</visible>
						</control>
						<control type="image">
							<top>48</top>
							<width>320</width>
							<height>480</height>
							<texture>views/OverlayNF.png</texture>
							<visible>Control.HasFocus(150)</visible>
							<animation center="auto" condition="Control.HasFocus(150)" easing="inout" effect="fade" end="0" start="100" time="300" tween="sine">Focus</animation>
							<animation center="auto" condition="Control.HasFocus(150)" easing="inout" effect="fade" end="100" start="0" time="300" tween="sine">UnFocus</animation>
						</control>
					</control>
				</focusedlayout>
			</control>
			<control type="group">
				<left>1030</left>
				<top>-319</top>
				<visible>!IsEmpty(Window(home).Property(Similar)) + !Control.HasFocus(150) + !IsEmpty(Container(150).ListItem.Label)</visible>
				<animation center="480,1022" condition="!Control.HasFocus(150)" easing="inout" effect="zoom" end="81" start="100" time="300" tween="sine">Conditional</animation>
				<animation center="150,288" condition="true" effect="zoom" end="85" start="85">Conditional</animation>
				<control type="group">
					<visible>!IsEmpty(Container(150).ListItemNoWrap(1).Label)</visible>
					<control type="image">
						<top>48</top>
						<width>320</width>
						<height>480</height>
						<aspectratio align="center">scale</aspectratio>
						<texture background="true" fallback="views/movie_fallback.png">$INFO[Container(150).ListItemNoWrap(1).Art(poster)]</texture>
					</control>
					<control type="image">
						<left>-48</left>
						<centertop>288</centertop>
						<width>416</width>
						<height>576</height>
						<texture border="66,66,51,51">views/shadow_nf.png</texture>
					</control>
					<control type="label">
						<left>18</left>
						<top>455</top>
						<width>290</width>
						<height>42</height>
						<font>Bold42</font>
						<textcolor>ffffffff</textcolor>
						<label>$INFO[Container(150).ListItemNoWrap(1).Label]</label>
						<visible>IsEmpty(Container(150).ListItemNoWrap(1).Art(poster))</visible>
					</control>
				</control>
				<control type="group">
					<left>352</left>
					<visible>!IsEmpty(Container(150).ListItemNoWrap(2).Label)</visible>
					<control type="image">
						<top>48</top>
						<width>320</width>
						<height>480</height>
						<aspectratio align="center">scale</aspectratio>
						<texture background="true" fallback="views/movie_fallback.png">$INFO[Container(150).ListItemNoWrap(2).Art(poster)]</texture>
					</control>
					<control type="image">
						<left>-48</left>
						<centertop>288</centertop>
						<width>416</width>
						<height>576</height>
						<texture border="66,66,51,51">views/shadow_nf.png</texture>
					</control>
					<control type="label">
						<left>18</left>
						<top>455</top>
						<width>290</width>
						<height>42</height>
						<font>Bold42</font>
						<textcolor>ffffffff</textcolor>
						<label>$INFO[Container(150).ListItemNoWrap(2).Label]</label>
						<visible>IsEmpty(Container(150).ListItemNoWrap(2).Art(poster))</visible>
					</control>
				</control>
				<control type="group">
					<left>705</left>
					<visible>!IsEmpty(Container(150).ListItemNoWrap(3).Label)</visible>
					<control type="image">
						<top>48</top>
						<width>320</width>
						<height>480</height>
						<aspectratio align="center">scale</aspectratio>
						<texture background="true" fallback="views/movie_fallback.png">$INFO[Container(150).ListItemNoWrap(3).Art(poster)]</texture>
					</control>
					<control type="image">
						<left>-48</left>
						<centertop>288</centertop>
						<width>416</width>
						<height>576</height>
						<texture border="66,66,51,51">views/shadow_nf.png</texture>
					</control>
					<control type="label">
						<left>18</left>
						<top>455</top>
						<width>290</width>
						<height>42</height>
						<font>Bold42</font>
						<textcolor>ffffffff</textcolor>
						<label>$INFO[Container(150).ListItemNoWrap(3).Label]</label>
						<visible>IsEmpty(Container(150).ListItemNoWrap(3).Art(poster))</visible>
					</control>
				</control>
				<control type="group">
					<left>1058</left>
					<visible>!IsEmpty(Container(150).ListItemNoWrap(4).Label)</visible>
					<control type="image">
						<top>48</top>
						<width>320</width>
						<height>480</height>
						<aspectratio align="center">scale</aspectratio>
						<texture background="true" fallback="views/movie_fallback.png">$INFO[Container(150).ListItemNoWrap(4).Art(poster)]</texture>
					</control>
					<control type="image">
						<left>-48</left>
						<centertop>288</centertop>
						<width>416</width>
						<height>576</height>
						<texture border="66,66,51,51">views/shadow_nf.png</texture>
					</control>
					<control type="label">
						<left>18</left>
						<top>455</top>
						<width>290</width>
						<height>42</height>
						<font>Bold42</font>
						<textcolor>ffffffff</textcolor>
						<label>$INFO[Container(150).ListItemNoWrap(4).Label]</label>
						<visible>IsEmpty(Container(150).ListItemNoWrap(4).Art(poster))</visible>
					</control>
				</control>
				<control type="group">
					<left>1411</left>
					<visible>!IsEmpty(Container(150).ListItemNoWrap(5).Label)</visible>
					<control type="image">
						<top>48</top>
						<width>320</width>
						<height>480</height>
						<aspectratio align="center">scale</aspectratio>
						<texture background="true" fallback="views/movie_fallback.png">$INFO[Container(150).ListItemNoWrap(5).Art(poster)]</texture>
					</control>
					<control type="image">
						<left>-48</left>
						<centertop>288</centertop>
						<width>416</width>
						<height>576</height>
						<texture border="66,66,51,51">views/shadow_nf.png</texture>
					</control>
					<control type="label">
						<left>18</left>
						<top>455</top>
						<width>290</width>
						<height>42</height>
						<font>Bold42</font>
						<textcolor>ffffffff</textcolor>
						<label>$INFO[Container(150).ListItemNoWrap(5).Label]</label>
						<visible>IsEmpty(Container(150).ListItemNoWrap(5).Art(poster))</visible>
					</control>
				</control>
			</control>
			<!-- Info -->
			<control type="grouplist">
				<left>575</left>
				<top>267</top>
				<width>1192</width>
				<height>50</height>
				<itemgap>8</itemgap>
				<orientation>horizontal</orientation>
				<usecontrolcoords>true</usecontrolcoords>
				<visible>Control.HasFocus(1000) | Control.HasFocus(150)</visible>
				<animation delay="300" easing="inout" effect="fade" end="100" start="0" time="120" tween="sine">Visible</animation>
				<animation effect="fade" end="0" start="100" time="0">Hidden</animation>
				<control type="label">
					<top>2</top>
					<width>auto</width>
					<height>50</height>
					<align>left</align>
					<aligny>top</aligny>
					<font>Bold31</font>
					<textcolor>ffbcbcbc</textcolor>
					<label>$INFO[Container(1000).ListItem.Label]</label>
					<visible>Control.HasFocus(1000)</visible>
				</control>
				<control type="label">
					<top>2</top>
					<width>auto</width>
					<height>50</height>
					<align>left</align>
					<aligny>top</aligny>
					<font>Bold31</font>
					<textcolor>ffbcbcbc</textcolor>
					<label>$INFO[Container(150).ListItem.Property(Title)]</label>
					<visible>Control.HasFocus(150)</visible>
				</control>
				<control type="label">
					<top>18</top>
					<width>auto</width>
					<height>50</height>
					<align>left</align>
					<aligny>top</aligny>
					<font>Light24</font>
					<textcolor>ffbcbcbc</textcolor>
					<label>$INFO[Container(1000).ListItem.Property(character),$LOCALIZE[20347] ,]</label>
					<visible>Control.HasFocus(1000)</visible>
				</control>
			</control>
		</control>
		<!-- Background -->
		<control type="image">
			<include>FullscreenDimensions</include>
			<texture>dialogs/DialogBackground.png</texture>
			<visible>Control.HasFocus(4000)</visible>
			<animation effect="fade" end="100" start="0" time="200">Visible</animation>
			<animation delay="100" effect="fade" end="0" start="100" time="200">Hidden</animation>
		</control>
		<control type="group">
			<visible>Control.HasFocus(4000)</visible>
			<animation reversible="true" type="Visible">
				<effect center="auto" easing="inout" end="100" start="92" time="120" tween="sine" type="zoom" />
				<effect easing="inout" end="100" start="0" time="120" tween="sine" type="fade" />
			</animation>
			<animation reversible="true" type="Hidden">
				<effect center="auto" easing="inout" end="92" start="100" time="120" tween="sine" type="zoom" />
				<effect easing="inout" end="0" start="100" time="120" tween="sine" type="fade" />
			</animation>
			<!-- Plot background -->
			<control type="image">
				<centerleft>50%</centerleft>
				<centertop>50%</centertop>
				<width>973</width>
				<height>760</height>
				<texture border="4,7,4,7">views/text_viewer_background.png</texture>
			</control>
			<!-- Arrow up -->
			<control type="image">
				<left>942</left>
				<top>216</top>
				<width>36</width>
				<height>20</height>
				<texture>views/arrow_up.png</texture>
				<visible>Control.IsVisible(4000) + IntegerGreaterThan(Container(4001).CurrentPage,1)</visible>
				<animation delay="80" effect="fade" end="100" start="0" time="120">Visible</animation>
				<animation delay="80" effect="fade" end="0" start="100" time="120">Hidden</animation>
			</control>
			<!-- Plot -->
			<control id="4001" type="textbox">
				<centerleft>50%</centerleft>
				<centertop>50%</centertop>
				<width>788</width>
				<height>454</height>
				<align>left</align>
				<font>Light36</font>
				<pagecontrol>4000</pagecontrol>
				<autoscroll>false</autoscroll>
				<textcolor>ffdadada</textcolor>
				<label>$INFO[Window.Property(movie.Plot)]</label>
			</control>
			<!-- Arrow down -->
			<control type="image">
				<left>942</left>
				<top>844</top>
				<width>36</width>
				<height>20</height>
				<texture>views/arrow_down.png</texture>
				<visible>Control.IsVisible(4000) + !StringCompare(Container(4001).CurrentPage,Container(4001).NumPages)</visible>
				<animation delay="80" effect="fade" end="100" start="0" time="120">Visible</animation>
				<animation delay="80" effect="fade" end="0" start="100" time="120">Hidden</animation>
			</control>
			<!-- Scrollbar -->
			<control id="4000" type="scrollbar">
				<left>1394</left>
				<centertop>50%</centertop>
				<width>8</width>
				<height>446</height>
				<onup>noop</onup>
				<ondown>noop</ondown>
				<onleft>3002</onleft>
				<onright>3002</onright>
				<onback>3002</onback>
				<showonepage>false</showonepage>
				<orientation>vertical</orientation>
				<visible allowhiddenfocus="true">Control.HasFocus(4000)</visible>
				<texturesliderbarfocus border="3">common/Scrollbar.png</texturesliderbarfocus>
				<animation condition="System.IdleTime(1)" effect="fade" end="0" start="100" time="200">Conditional</animation>
			</control>
		</control>
	</controls>
</window>