<?xml version="1.0" encoding="UTF-8"?>
<window>
	<!-- startup -->
	<onload condition="!Skin.HasSetting(FirstRun)">Skin.SetString(MovieWidget1.List,special://skin/extras/video/RecentlyAddedMovies.xsp)</onload>
	<onload condition="!Skin.HasSetting(FirstRun)">Skin.SetString(MovieWidget2.List,special://skin/extras/video/YourMovies.xsp)</onload>
	<onload condition="!Skin.HasSetting(FirstRun)">Skin.SetString(MovieWidget3.List,special://skin/extras/video/InProgressMovies.xsp)</onload>
	<onload condition="!Skin.HasSetting(FirstRun)">Skin.SetString(MovieWidget4.List,special://skin/extras/video/KidsMovies.xsp)</onload>
	<onload condition="!Skin.HasSetting(FirstRun)">Skin.SetString(MovieWidget5.List,special://skin/extras/video/ActionAdventureMovies.xsp)</onload>
	<onload condition="!Skin.HasSetting(FirstRun)">Skin.SetString(MovieWidget6.List,special://skin/extras/video/ComedyMovies.xsp)</onload>
	<onload condition="!Skin.HasSetting(FirstRun)">Skin.SetString(MovieWidget7.List,special://skin/extras/video/SciFiMovies.xsp)</onload>
	<onload condition="!Skin.HasSetting(FirstRun)">Skin.SetString(MovieWidget8.List,special://skin/extras/video/TopRatedMovies.xsp)</onload>
	<onload condition="!Skin.HasSetting(FirstRun)">Skin.SetString(TVWidget1.List,special://skin/extras/video/RecentlyUpdatedTVShows.xsp)</onload>
	<onload condition="!Skin.HasSetting(FirstRun)">Skin.SetString(TVWidget2.List,special://skin/extras/video/YourTVShows.xsp)</onload>
	<onload condition="!Skin.HasSetting(FirstRun)">Skin.SetString(TVWidget3.List,special://skin/extras/video/InProgressTVShows.xsp)</onload>
	<onload condition="!Skin.HasSetting(FirstRun)">Skin.SetString(TVWidget4.List,special://skin/extras/video/KidsTVShows.xsp)</onload>
	<onload condition="!Skin.HasSetting(FirstRun)">Skin.SetString(TVWidget5.List,special://skin/extras/video/ActionAdventureTVShows.xsp)</onload>
	<onload condition="!Skin.HasSetting(FirstRun)">Skin.SetString(TVWidget6.List,special://skin/extras/video/ComedyTVShows.xsp)</onload>
	<onload condition="!Skin.HasSetting(FirstRun)">Skin.SetString(TVWidget7.List,special://skin/extras/video/SciFiTVShows.xsp)</onload>
	<onload condition="!Skin.HasSetting(FirstRun)">Skin.SetString(TVWidget8.List,special://skin/extras/video/TopRatedTVShows.xsp)</onload>
	<onload condition="!Skin.HasSetting(FirstRun)">Skin.SetString(MusicWidget1.List,musicdb://recentlyplayedalbums/)</onload>
	<onload condition="!Skin.HasSetting(FirstRun)">Skin.SetString(MusicWidget2.List,musicdb://albums/)</onload>
	<onload condition="!Skin.HasSetting(FirstRun)">Skin.SetString(MusicWidget3.List,musicdb://recentlyaddedalbums/)</onload>
	<onload condition="!Skin.HasSetting(FirstRun)">Skin.SetString(MusicWidget4.List,musicdb://artists/)</onload>
	<onload condition="!Skin.HasSetting(FirstRun)">Skin.SetString(MusicWidget5.List,musicdb://genres/)</onload>
	<onload condition="!Skin.HasSetting(FirstRun)">Skin.SetString(MusicWidget6.List,musicdb://top100/albums/)</onload>
	<onload condition="!Skin.HasSetting(FirstRun)">Skin.SetString(MusicWidget7.List,musicdb://top100/songs/)</onload>
	<onload condition="!Skin.HasSetting(FirstRun)">Skin.SetString(MusicWidget8.List,musicdb://songs/)</onload>
	<onload condition="!Skin.HasSetting(FirstRun)">Skin.SetString(MovieWidget1.Label,$LOCALIZE[31167])</onload>
	<onload condition="!Skin.HasSetting(FirstRun)">Skin.SetString(MovieWidget2.Label,$LOCALIZE[31168])</onload>
	<onload condition="!Skin.HasSetting(FirstRun)">Skin.SetString(MovieWidget3.Label,$LOCALIZE[31169])</onload>
	<onload condition="!Skin.HasSetting(FirstRun)">Skin.SetString(MovieWidget4.Label,$LOCALIZE[31170])</onload>
	<onload condition="!Skin.HasSetting(FirstRun)">Skin.SetString(MovieWidget5.Label,$LOCALIZE[31171])</onload>
	<onload condition="!Skin.HasSetting(FirstRun)">Skin.SetString(MovieWidget6.Label,$LOCALIZE[31172])</onload>
	<onload condition="!Skin.HasSetting(FirstRun)">Skin.SetString(MovieWidget7.Label,$LOCALIZE[31173])</onload>
	<onload condition="!Skin.HasSetting(FirstRun)">Skin.SetString(MovieWidget8.Label,$LOCALIZE[31174])</onload>
	<onload condition="!Skin.HasSetting(FirstRun)">Skin.SetString(TVWidget1.Label,$LOCALIZE[31175])</onload>
	<onload condition="!Skin.HasSetting(FirstRun)">Skin.SetString(TVWidget2.Label,$LOCALIZE[31176])</onload>
	<onload condition="!Skin.HasSetting(FirstRun)">Skin.SetString(TVWidget3.Label,$LOCALIZE[31177])</onload>
	<onload condition="!Skin.HasSetting(FirstRun)">Skin.SetString(TVWidget4.Label,$LOCALIZE[31178])</onload>
	<onload condition="!Skin.HasSetting(FirstRun)">Skin.SetString(TVWidget5.Label,$LOCALIZE[31179])</onload>
	<onload condition="!Skin.HasSetting(FirstRun)">Skin.SetString(TVWidget6.Label,$LOCALIZE[31180])</onload>
	<onload condition="!Skin.HasSetting(FirstRun)">Skin.SetString(TVWidget7.Label,$LOCALIZE[31181])</onload>
	<onload condition="!Skin.HasSetting(FirstRun)">Skin.SetString(TVWidget8.Label,$LOCALIZE[31182])</onload>
	<onload condition="!Skin.HasSetting(FirstRun)">Skin.SetString(MusicWidget1.Label,$LOCALIZE[31183])</onload>
	<onload condition="!Skin.HasSetting(FirstRun)">Skin.SetString(MusicWidget2.Label,$LOCALIZE[31184])</onload>
	<onload condition="!Skin.HasSetting(FirstRun)">Skin.SetString(MusicWidget3.Label,$LOCALIZE[31185])</onload>
	<onload condition="!Skin.HasSetting(FirstRun)">Skin.SetString(MusicWidget4.Label,$LOCALIZE[31186])</onload>
	<onload condition="!Skin.HasSetting(FirstRun)">Skin.SetString(MusicWidget5.Label,$LOCALIZE[31187])</onload>
	<onload condition="!Skin.HasSetting(FirstRun)">Skin.SetString(MusicWidget6.Label,$LOCALIZE[31188])</onload>
	<onload condition="!Skin.HasSetting(FirstRun)">Skin.SetString(MusicWidget7.Label,$LOCALIZE[31189])</onload>
	<onload condition="!Skin.HasSetting(FirstRun)">Skin.SetString(MusicWidget8.Label,$LOCALIZE[31190])</onload>
	<onload>Skin.SetBool(FirstRun)</onload>
	<onload>Skin.Reset(HideSettings)</onload>
	<onload>ReplaceWindow($INFO[System.StartupWindow])</onload>
</window>