<?xml version="1.0" encoding="UTF-8"?>
<window>
	<!-- fullscreenvideo -->
	<defaultcontrol>-</defaultcontrol>
	<controls>
		<control id="99" type="group">
			<animation reversible="true" type="WindowOpen">
				<effect end="100" start="0" time="200" type="fade" />
				<effect delay="4200" end="0" start="100" time="200" type="fade" />
			</animation>
			<visible>!Window.IsActive(seekbar) + !Window.IsActive(fullscreeninfo) + !Window.IsActive(videoosd) + !Window.IsActive(musicosd) + !Window.IsActive(subtitlesearch)</visible>
			<control id="99" type="image">
				<width>1980</width>
				<height>210</height>
				<texture border="1">osd/mask_top.png</texture>
			</control>
			<control id="99" type="grouplist">
				<left>20</left>
				<top>64</top>
				<width>1880</width>
				<height>50</height>
				<align>center</align>
				<itemgap>0</itemgap>
				<orientation>horizontal</orientation>
				<!--  Movie title -->
				<control id="99" type="label">
					<width>auto</width>
					<height>50</height>
					<font>Med40</font>
					<textcolor>ffeaeaea</textcolor>
					<shadowcolor>ff000000</shadowcolor>
					<label>$INFO[VideoPlayer.Title]</label>
					<visible>IsEmpty(VideoPlayer.TVShowTitle)</visible>
				</control>
				<!--  TV Show title -->
				<control id="99" type="label">
					<width>auto</width>
					<height>50</height>
					<font>Med40</font>
					<textcolor>ffeaeaea</textcolor>
					<shadowcolor>ff000000</shadowcolor>
					<label>$INFO[VideoPlayer.TVShowTitle]</label>
					<visible>!IsEmpty(VideoPlayer.TVShowTitle)</visible>
				</control>
				<!-- Season/Episode number -->
				<control id="99" type="label">
					<width>auto</width>
					<height>50</height>
					<font>Med40</font>
					<textcolor>ffeaeaea</textcolor>
					<shadowcolor>ff000000</shadowcolor>
					<label>$VAR[PlayerEpisodeValue]</label>
				</control>
			</control>
			<!--  Episode title -->
			<control id="99" type="label">
				<left>20</left>
				<top>127</top>
				<width>1880</width>
				<height>40</height>
				<align>center</align>
				<font>Light26</font>
				<textcolor>fffe8e8e8</textcolor>
				<shadowcolor>ff000000</shadowcolor>
				<label>$INFO[VideoPlayer.Title]</label>
				<visible>!IsEmpty(VideoPlayer.TVShowTitle)</visible>
			</control>
			<control id="99" type="image">
				<bottom>0</bottom>
				<width>1980</width>
				<height>120</height>
				<texture>osd/mask.png</texture>
			</control>
			<!--  Cache bar -->
			<control id="99" type="progress">
				<left>92</left>
				<bottom>93</bottom>
				<width>1735</width>
				<height>11</height>
				<reveal>true</reveal>
				<info>Player.ProgressCache</info>
				<texturebg border="4">osd/progress_back.png</texturebg>
				<lefttexture>-</lefttexture>
				<midtexture border="4">osd/progress_cache.png</midtexture>
				<righttexture>-</righttexture>
				<overlaytexture>-</overlaytexture>
			</control>
			<!--  Progress bar -->
			<control id="99" type="progress">
				<left>92</left>
				<bottom>93</bottom>
				<width>1735</width>
				<height>11</height>
				<reveal>true</reveal>
				<info>Player.Progress</info>
				<texturebg border="4" colordiffuse="00ffffff">osd/progress_back.png</texturebg>
				<lefttexture>-</lefttexture>
				<midtexture border="4">osd/progress_bar.png</midtexture>
				<righttexture>-</righttexture>
				<overlaytexture>-</overlaytexture>
			</control>
			<control id="99" type="grouplist">
				<left>92</left>
				<bottom>38</bottom>
				<width>800</width>
				<height>40</height>
				<itemgap>4</itemgap>
				<orientation>horizontal</orientation>
				<usecontrolcoords>true</usecontrolcoords>
				<!--  Current position -->
				<control id="99" type="label">
					<width>auto</width>
					<height>34</height>
					<font>Light27</font>
					<textcolor>fff3f3f3</textcolor>
					<label>$VAR[PlayerTime]</label>
				</control>
				<!--  Divider -->
				<control id="99" type="label">
					<width>auto</width>
					<height>34</height>
					<font>Light27</font>
					<textcolor>ff696969</textcolor>
					<label>/</label>
				</control>
				<!--  Total length -->
				<control id="99" type="label">
					<width>auto</width>
					<height>34</height>
					<font>Light27</font>
					<textcolor>ff696969</textcolor>
					<label>$VAR[PlayerDuration]</label>
				</control>
				<!--  HD label -->
				<control id="99" type="label">
					<left>24</left>
					<top>-2</top>
					<width>auto</width>
					<height>34</height>
					<font>Bold28</font>
					<textcolor>ffebebeb</textcolor>
					<label>[B]HD[/B]</label>
					<visible>IntegerGreaterThan(VideoPlayer.VideoResolution,719)</visible>
				</control>
				<!--  Resolution label -->
				<control id="99" type="label">
					<left>2</left>
					<top>-2</top>
					<width>auto</width>
					<height>34</height>
					<font>Bold29</font>
					<textcolor>ffebebeb</textcolor>
					<label>$VAR[PlayerResolution]</label>
				</control>
			</control>
			<!--  Current time -->
			<control id="99" type="label">
				<right>92</right>
				<bottom>45</bottom>
				<width>800</width>
				<height>30</height>
				<font>Reg27</font>
				<align>right</align>
				<textcolor>fff3f3f3</textcolor>
				<label>$INFO[System.Time]</label>
			</control>
		</control>
		<control id="2" type="group">
			<visible>!Player.Paused + [Player.Forwarding | Player.Rewinding]</visible>
			<control id="1" type="progress">
				<left>92</left>
				<bottom>93</bottom>
				<width>1735</width>
				<height>11</height>
				<reveal>true</reveal>
				<info>Player.Progress</info>
				<texturebg>-</texturebg>
				<lefttexture>-</lefttexture>
				<midtexture>-</midtexture>
				<righttexture>-</righttexture>
				<overlaytexture>-</overlaytexture>
			</control>
			<control id="2" type="grouplist">
				<left>60</left>
				<top>861</top>
				<width>1800</width>
				<height>80</height>
				<itemgap>0</itemgap>
				<orientation>horizontal</orientation>
				<usecontrolcoords>true</usecontrolcoords>
				<control id="2" type="image">
					<include>osd_padding</include>
					<visible>IntegerGreaterThan(Control.GetLabel(1),10)</visible>
				</control>
				<control id="2" type="image">
					<include>osd_padding</include>
					<visible>IntegerGreaterThan(Control.GetLabel(1),11)</visible>
				</control>
				<control id="2" type="image">
					<include>osd_padding</include>
					<visible>IntegerGreaterThan(Control.GetLabel(1),12)</visible>
				</control>
				<control id="2" type="image">
					<include>osd_padding</include>
					<visible>IntegerGreaterThan(Control.GetLabel(1),13)</visible>
				</control>
				<control id="2" type="image">
					<include>osd_padding</include>
					<visible>IntegerGreaterThan(Control.GetLabel(1),14)</visible>
				</control>
				<control id="2" type="image">
					<include>osd_padding</include>
					<visible>IntegerGreaterThan(Control.GetLabel(1),15)</visible>
				</control>
				<control id="2" type="image">
					<include>osd_padding</include>
					<visible>IntegerGreaterThan(Control.GetLabel(1),16)</visible>
				</control>
				<control id="2" type="image">
					<include>osd_padding</include>
					<visible>IntegerGreaterThan(Control.GetLabel(1),17)</visible>
				</control>
				<control id="2" type="image">
					<include>osd_padding</include>
					<visible>IntegerGreaterThan(Control.GetLabel(1),18)</visible>
				</control>
				<control id="2" type="image">
					<include>osd_padding</include>
					<visible>IntegerGreaterThan(Control.GetLabel(1),19)</visible>
				</control>
				<control id="2" type="image">
					<include>osd_padding</include>
					<visible>IntegerGreaterThan(Control.GetLabel(1),20)</visible>
				</control>
				<control id="2" type="image">
					<include>osd_padding</include>
					<visible>IntegerGreaterThan(Control.GetLabel(1),21)</visible>
				</control>
				<control id="2" type="image">
					<include>osd_padding</include>
					<visible>IntegerGreaterThan(Control.GetLabel(1),22)</visible>
				</control>
				<control id="2" type="image">
					<include>osd_padding</include>
					<visible>IntegerGreaterThan(Control.GetLabel(1),23)</visible>
				</control>
				<control id="2" type="image">
					<include>osd_padding</include>
					<visible>IntegerGreaterThan(Control.GetLabel(1),24)</visible>
				</control>
				<control id="2" type="image">
					<include>osd_padding</include>
					<visible>IntegerGreaterThan(Control.GetLabel(1),25)</visible>
				</control>
				<control id="2" type="image">
					<include>osd_padding</include>
					<visible>IntegerGreaterThan(Control.GetLabel(1),26)</visible>
				</control>
				<control id="2" type="image">
					<include>osd_padding</include>
					<visible>IntegerGreaterThan(Control.GetLabel(1),27)</visible>
				</control>
				<control id="2" type="image">
					<include>osd_padding</include>
					<visible>IntegerGreaterThan(Control.GetLabel(1),28)</visible>
				</control>
				<control id="2" type="image">
					<include>osd_padding</include>
					<visible>IntegerGreaterThan(Control.GetLabel(1),29)</visible>
				</control>
				<control id="2" type="image">
					<include>osd_padding</include>
					<visible>IntegerGreaterThan(Control.GetLabel(1),30)</visible>
				</control>
				<control id="2" type="image">
					<include>osd_padding</include>
					<visible>IntegerGreaterThan(Control.GetLabel(1),31)</visible>
				</control>
				<control id="2" type="image">
					<include>osd_padding</include>
					<visible>IntegerGreaterThan(Control.GetLabel(1),32)</visible>
				</control>
				<control id="2" type="image">
					<include>osd_padding</include>
					<visible>IntegerGreaterThan(Control.GetLabel(1),33)</visible>
				</control>
				<control id="2" type="image">
					<include>osd_padding</include>
					<visible>IntegerGreaterThan(Control.GetLabel(1),34)</visible>
				</control>
				<control id="2" type="image">
					<include>osd_padding</include>
					<visible>IntegerGreaterThan(Control.GetLabel(1),35)</visible>
				</control>
				<control id="2" type="image">
					<include>osd_padding</include>
					<visible>IntegerGreaterThan(Control.GetLabel(1),36)</visible>
				</control>
				<control id="2" type="image">
					<include>osd_padding</include>
					<visible>IntegerGreaterThan(Control.GetLabel(1),37)</visible>
				</control>
				<control id="2" type="image">
					<include>osd_padding</include>
					<visible>IntegerGreaterThan(Control.GetLabel(1),38)</visible>
				</control>
				<control id="2" type="image">
					<include>osd_padding</include>
					<visible>IntegerGreaterThan(Control.GetLabel(1),39)</visible>
				</control>
				<control id="2" type="image">
					<include>osd_padding</include>
					<visible>IntegerGreaterThan(Control.GetLabel(1),40)</visible>
				</control>
				<control id="2" type="image">
					<include>osd_padding</include>
					<visible>IntegerGreaterThan(Control.GetLabel(1),41)</visible>
				</control>
				<control id="2" type="image">
					<include>osd_padding</include>
					<visible>IntegerGreaterThan(Control.GetLabel(1),42)</visible>
				</control>
				<control id="2" type="image">
					<include>osd_padding</include>
					<visible>IntegerGreaterThan(Control.GetLabel(1),43)</visible>
				</control>
				<control id="2" type="image">
					<include>osd_padding</include>
					<visible>IntegerGreaterThan(Control.GetLabel(1),44)</visible>
				</control>
				<control id="2" type="image">
					<include>osd_padding</include>
					<visible>IntegerGreaterThan(Control.GetLabel(1),45)</visible>
				</control>
				<control id="2" type="image">
					<include>osd_padding</include>
					<visible>IntegerGreaterThan(Control.GetLabel(1),46)</visible>
				</control>
				<control id="2" type="image">
					<include>osd_padding</include>
					<visible>IntegerGreaterThan(Control.GetLabel(1),47)</visible>
				</control>
				<control id="2" type="image">
					<include>osd_padding</include>
					<visible>IntegerGreaterThan(Control.GetLabel(1),48)</visible>
				</control>
				<control id="2" type="image">
					<include>osd_padding</include>
					<visible>IntegerGreaterThan(Control.GetLabel(1),49)</visible>
				</control>
				<control id="2" type="image">
					<include>osd_padding</include>
					<visible>IntegerGreaterThan(Control.GetLabel(1),50)</visible>
				</control>
				<control id="2" type="image">
					<include>osd_padding</include>
					<visible>IntegerGreaterThan(Control.GetLabel(1),51)</visible>
				</control>
				<control id="2" type="image">
					<include>osd_padding</include>
					<visible>IntegerGreaterThan(Control.GetLabel(1),52)</visible>
				</control>
				<control id="2" type="image">
					<include>osd_padding</include>
					<visible>IntegerGreaterThan(Control.GetLabel(1),53)</visible>
				</control>
				<control id="2" type="image">
					<include>osd_padding</include>
					<visible>IntegerGreaterThan(Control.GetLabel(1),54)</visible>
				</control>
				<control id="2" type="image">
					<include>osd_padding</include>
					<visible>IntegerGreaterThan(Control.GetLabel(1),55)</visible>
				</control>
				<control id="2" type="image">
					<include>osd_padding</include>
					<visible>IntegerGreaterThan(Control.GetLabel(1),56)</visible>
				</control>
				<control id="2" type="image">
					<include>osd_padding</include>
					<visible>IntegerGreaterThan(Control.GetLabel(1),57)</visible>
				</control>
				<control id="2" type="image">
					<include>osd_padding</include>
					<visible>IntegerGreaterThan(Control.GetLabel(1),58)</visible>
				</control>
				<control id="2" type="image">
					<include>osd_padding</include>
					<visible>IntegerGreaterThan(Control.GetLabel(1),59)</visible>
				</control>
				<control id="2" type="image">
					<include>osd_padding</include>
					<visible>IntegerGreaterThan(Control.GetLabel(1),60)</visible>
				</control>
				<control id="2" type="image">
					<include>osd_padding</include>
					<visible>IntegerGreaterThan(Control.GetLabel(1),61)</visible>
				</control>
				<control id="2" type="image">
					<include>osd_padding</include>
					<visible>IntegerGreaterThan(Control.GetLabel(1),62)</visible>
				</control>
				<control id="2" type="image">
					<include>osd_padding</include>
					<visible>IntegerGreaterThan(Control.GetLabel(1),63)</visible>
				</control>
				<control id="2" type="image">
					<include>osd_padding</include>
					<visible>IntegerGreaterThan(Control.GetLabel(1),64)</visible>
				</control>
				<control id="2" type="image">
					<include>osd_padding</include>
					<visible>IntegerGreaterThan(Control.GetLabel(1),65)</visible>
				</control>
				<control id="2" type="image">
					<include>osd_padding</include>
					<visible>IntegerGreaterThan(Control.GetLabel(1),66)</visible>
				</control>
				<control id="2" type="image">
					<include>osd_padding</include>
					<visible>IntegerGreaterThan(Control.GetLabel(1),67)</visible>
				</control>
				<control id="2" type="image">
					<include>osd_padding</include>
					<visible>IntegerGreaterThan(Control.GetLabel(1),68)</visible>
				</control>
				<control id="2" type="image">
					<include>osd_padding</include>
					<visible>IntegerGreaterThan(Control.GetLabel(1),69)</visible>
				</control>
				<control id="2" type="image">
					<include>osd_padding</include>
					<visible>IntegerGreaterThan(Control.GetLabel(1),70)</visible>
				</control>
				<control id="2" type="image">
					<include>osd_padding</include>
					<visible>IntegerGreaterThan(Control.GetLabel(1),71)</visible>
				</control>
				<control id="2" type="image">
					<include>osd_padding</include>
					<visible>IntegerGreaterThan(Control.GetLabel(1),72)</visible>
				</control>
				<control id="2" type="image">
					<include>osd_padding</include>
					<visible>IntegerGreaterThan(Control.GetLabel(1),73)</visible>
				</control>
				<control id="2" type="image">
					<include>osd_padding</include>
					<visible>IntegerGreaterThan(Control.GetLabel(1),74)</visible>
				</control>
				<control id="2" type="image">
					<include>osd_padding</include>
					<visible>IntegerGreaterThan(Control.GetLabel(1),75)</visible>
				</control>
				<control id="2" type="image">
					<include>osd_padding</include>
					<visible>IntegerGreaterThan(Control.GetLabel(1),76)</visible>
				</control>
				<control id="2" type="image">
					<include>osd_padding</include>
					<visible>IntegerGreaterThan(Control.GetLabel(1),77)</visible>
				</control>
				<control id="2" type="image">
					<include>osd_padding</include>
					<visible>IntegerGreaterThan(Control.GetLabel(1),78)</visible>
				</control>
				<control id="2" type="image">
					<include>osd_padding</include>
					<visible>IntegerGreaterThan(Control.GetLabel(1),79)</visible>
				</control>
				<control id="2" type="image">
					<include>osd_padding</include>
					<visible>IntegerGreaterThan(Control.GetLabel(1),80)</visible>
				</control>
				<control id="2" type="image">
					<include>osd_padding</include>
					<visible>IntegerGreaterThan(Control.GetLabel(1),81)</visible>
				</control>
				<control id="2" type="image">
					<include>osd_padding</include>
					<visible>IntegerGreaterThan(Control.GetLabel(1),82)</visible>
				</control>
				<control id="2" type="image">
					<include>osd_padding</include>
					<visible>IntegerGreaterThan(Control.GetLabel(1),83)</visible>
				</control>
				<control id="2" type="image">
					<include>osd_padding</include>
					<visible>IntegerGreaterThan(Control.GetLabel(1),84)</visible>
				</control>
				<control id="2" type="image">
					<include>osd_padding</include>
					<visible>IntegerGreaterThan(Control.GetLabel(1),85)</visible>
				</control>
				<control id="2" type="image">
					<include>osd_padding</include>
					<visible>IntegerGreaterThan(Control.GetLabel(1),86)</visible>
				</control>
				<control id="2" type="image">
					<include>osd_padding</include>
					<visible>IntegerGreaterThan(Control.GetLabel(1),87)</visible>
				</control>
				<control id="2" type="image">
					<include>osd_padding</include>
					<visible>IntegerGreaterThan(Control.GetLabel(1),88)</visible>
				</control>
				<control id="2" type="image">
					<include>osd_padding</include>
					<visible>IntegerGreaterThan(Control.GetLabel(1),89)</visible>
				</control>
				<control id="2" type="group">
					<width>410</width>
					<height>80</height>
					<control id="2" type="image">
						<width>410</width>
						<height>80</height>
						<texture>osd/progress_box_offset_10.png</texture>
						<visible>!IntegerGreaterThan(Control.GetLabel(1),0) + !IsEmpty(Control.GetLabel(1))</visible>
					</control>
					<control id="2" type="image">
						<width>410</width>
						<height>80</height>
						<texture>osd/progress_box_offset_9.png</texture>
						<visible>IntegerGreaterThan(Control.GetLabel(1),0) + !IntegerGreaterThan(Control.GetLabel(1),1)</visible>
					</control>
					<control id="2" type="image">
						<width>410</width>
						<height>80</height>
						<texture>osd/progress_box_offset_8.png</texture>
						<visible>IntegerGreaterThan(Control.GetLabel(1),1) + !IntegerGreaterThan(Control.GetLabel(1),2)</visible>
					</control>
					<control id="2" type="image">
						<width>410</width>
						<height>80</height>
						<texture>osd/progress_box_offset_7.png</texture>
						<visible>IntegerGreaterThan(Control.GetLabel(1),2) + !IntegerGreaterThan(Control.GetLabel(1),3)</visible>
					</control>
					<control id="2" type="image">
						<width>410</width>
						<height>80</height>
						<texture>osd/progress_box_offset_6.png</texture>
						<visible>IntegerGreaterThan(Control.GetLabel(1),3) + !IntegerGreaterThan(Control.GetLabel(1),4)</visible>
					</control>
					<control id="2" type="image">
						<width>410</width>
						<height>80</height>
						<texture>osd/progress_box_offset_5.png</texture>
						<visible>IntegerGreaterThan(Control.GetLabel(1),4) + !IntegerGreaterThan(Control.GetLabel(1),5)</visible>
					</control>
					<control id="2" type="image">
						<width>410</width>
						<height>80</height>
						<texture>osd/progress_box_offset_4.png</texture>
						<visible>IntegerGreaterThan(Control.GetLabel(1),5) + !IntegerGreaterThan(Control.GetLabel(1),6)</visible>
					</control>
					<control id="2" type="image">
						<width>410</width>
						<height>80</height>
						<texture>osd/progress_box_offset_3.png</texture>
						<visible>IntegerGreaterThan(Control.GetLabel(1),6) + !IntegerGreaterThan(Control.GetLabel(1),7)</visible>
					</control>
					<control id="2" type="image">
						<width>410</width>
						<height>80</height>
						<texture>osd/progress_box_offset_2.png</texture>
						<visible>IntegerGreaterThan(Control.GetLabel(1),7) + !IntegerGreaterThan(Control.GetLabel(1),8)</visible>
					</control>
					<control id="2" type="image">
						<width>410</width>
						<height>80</height>
						<texture>osd/progress_box_offset_1.png</texture>
						<visible>IntegerGreaterThan(Control.GetLabel(1),8) + !IntegerGreaterThan(Control.GetLabel(1),9)</visible>
					</control>
					<control id="2" type="image">
						<width>410</width>
						<height>80</height>
						<texture>osd/progress_box.png</texture>
						<visible>IntegerGreaterThan(Control.GetLabel(1),9) + !IntegerGreaterThan(Control.GetLabel(1),90)</visible>
					</control>
					<control id="2" type="image">
						<width>410</width>
						<height>80</height>
						<texture flipx="true">osd/progress_box_offset_1.png</texture>
						<visible>IntegerGreaterThan(Control.GetLabel(1),90) + !IntegerGreaterThan(Control.GetLabel(1),91)</visible>
					</control>
					<control id="2" type="image">
						<width>410</width>
						<height>80</height>
						<texture flipx="true">osd/progress_box_offset_2.png</texture>
						<visible>IntegerGreaterThan(Control.GetLabel(1),91) + !IntegerGreaterThan(Control.GetLabel(1),92)</visible>
					</control>
					<control id="2" type="image">
						<width>410</width>
						<height>80</height>
						<texture flipx="true">osd/progress_box_offset_3.png</texture>
						<visible>IntegerGreaterThan(Control.GetLabel(1),92) + !IntegerGreaterThan(Control.GetLabel(1),93)</visible>
					</control>
					<control id="2" type="image">
						<width>410</width>
						<height>80</height>
						<texture flipx="true">osd/progress_box_offset_4.png</texture>
						<visible>IntegerGreaterThan(Control.GetLabel(1),93) + !IntegerGreaterThan(Control.GetLabel(1),94)</visible>
					</control>
					<control id="2" type="image">
						<width>410</width>
						<height>80</height>
						<texture flipx="true">osd/progress_box_offset_5.png</texture>
						<visible>IntegerGreaterThan(Control.GetLabel(1),94) + !IntegerGreaterThan(Control.GetLabel(1),95)</visible>
					</control>
					<control id="2" type="image">
						<width>410</width>
						<height>80</height>
						<texture flipx="true">osd/progress_box_offset_6.png</texture>
						<visible>IntegerGreaterThan(Control.GetLabel(1),95) + !IntegerGreaterThan(Control.GetLabel(1),96)</visible>
					</control>
					<control id="2" type="image">
						<width>410</width>
						<height>80</height>
						<texture flipx="true">osd/progress_box_offset_7.png</texture>
						<visible>IntegerGreaterThan(Control.GetLabel(1),96) + !IntegerGreaterThan(Control.GetLabel(1),97)</visible>
					</control>
					<control id="2" type="image">
						<width>410</width>
						<height>80</height>
						<texture flipx="true">osd/progress_box_offset_8.png</texture>
						<visible>IntegerGreaterThan(Control.GetLabel(1),97) + !IntegerGreaterThan(Control.GetLabel(1),98)</visible>
					</control>
					<control id="2" type="image">
						<width>410</width>
						<height>80</height>
						<texture flipx="true">osd/progress_box_offset_9.png</texture>
						<visible>IntegerGreaterThan(Control.GetLabel(1),98) + !IntegerGreaterThan(Control.GetLabel(1),99)</visible>
					</control>
					<control id="2" type="image">
						<width>410</width>
						<height>80</height>
						<texture flipx="true">osd/progress_box_offset_10.png</texture>
						<visible>IntegerGreaterThan(Control.GetLabel(1),99) + !IntegerGreaterThan(Control.GetLabel(1),100)</visible>
					</control>
					<control id="2" type="image">
						<left>20</left>
						<top>18</top>
						<width>115</width>
						<height>33</height>
						<texture>osd/rwx2.png</texture>
						<visible>Player.Rewinding2x</visible>
					</control>
					<control id="2" type="image">
						<left>20</left>
						<top>18</top>
						<width>115</width>
						<height>33</height>
						<texture>osd/rwx4.png</texture>
						<visible>Player.Rewinding4x</visible>
					</control>
					<control id="2" type="image">
						<left>20</left>
						<top>18</top>
						<width>115</width>
						<height>33</height>
						<texture>osd/rwx8.png</texture>
						<visible>Player.Rewinding8x</visible>
					</control>
					<control id="2" type="image">
						<left>20</left>
						<top>18</top>
						<width>115</width>
						<height>33</height>
						<texture>osd/rwx16.png</texture>
						<visible>Player.Rewinding16x</visible>
					</control>
					<control id="2" type="image">
						<left>20</left>
						<top>18</top>
						<width>115</width>
						<height>33</height>
						<texture>osd/rwx32.png</texture>
						<visible>Player.Rewinding32x</visible>
					</control>
					<control id="2" type="image">
						<left>20</left>
						<top>18</top>
						<width>115</width>
						<height>33</height>
						<texture>osd/ffx2.png</texture>
						<visible>Player.Forwarding2x</visible>
					</control>
					<control id="2" type="image">
						<left>20</left>
						<top>18</top>
						<width>115</width>
						<height>33</height>
						<texture>osd/ffx4.png</texture>
						<visible>Player.Forwarding4x</visible>
					</control>
					<control id="2" type="image">
						<left>20</left>
						<top>18</top>
						<width>115</width>
						<height>33</height>
						<texture>osd/ffx8.png</texture>
						<visible>Player.Forwarding8x</visible>
					</control>
					<control id="2" type="image">
						<left>20</left>
						<top>18</top>
						<width>115</width>
						<height>33</height>
						<texture>osd/ffx16.png</texture>
						<visible>Player.Forwarding16x</visible>
					</control>
					<control id="2" type="image">
						<left>20</left>
						<top>18</top>
						<width>115</width>
						<height>33</height>
						<texture>osd/ffx32.png</texture>
						<visible>Player.Forwarding32x</visible>
					</control>
					<control id="2" type="label">
						<top>17</top>
						<width>410</width>
						<height>30</height>
						<align>center</align>
						<aligny>top</aligny>
						<font>Light27</font>
						<textcolor>ffffffff</textcolor>
						<label>$VAR[PlayerTime]</label>
					</control>
				</control>
			</control>
		</control>
		<control type="group">
			<left>80</left>
			<top>200</top>
			<width>1620</width>
			<height>274</height>
			<!-- Row 1 label -->
			<control id="10" type="label">
				<left>20</left>
				<top>20</top>
				<width>1580</width>
				<height>50</height>
				<font>Reg27</font>
				<textcolor>ffffffff</textcolor>
				<shadowcolor>ff000000</shadowcolor>
				<label>-</label>
			</control>
			<!-- Row 2 label -->
			<control id="11" type="label">
				<left>20</left>
				<top>110</top>
				<width>1580</width>
				<height>50</height>
				<font>Reg27</font>
				<textcolor>ffffffff</textcolor>
				<shadowcolor>ff000000</shadowcolor>
				<label>-</label>
			</control>
			<!-- Row 3 label -->
			<control id="12" type="label">
				<left>20</left>
				<top>200</top>
				<width>1580</width>
				<height>50</height>
				<font>Reg27</font>
				<textcolor>ffffffff</textcolor>
				<shadowcolor>ff000000</shadowcolor>
				<label>-</label>
			</control>
		</control>
	</controls>
</window>