<?xml version="1.0" encoding="UTF-8" standalone="yes"?>
<addon id="plugin.video.plexbmc" name="PleXBMC" version="4.0.0~beta4" provider-name="Hippojay (plexbmc@h-jay.com)">

    <requires>
        <import addon="xbmc.python" version="2.19.0"/>
        <import addon="script.module.requests" version="2.6.0"/>
        <import addon="script.module.pyxbmct" version="1.1.4"/>
    </requires>

    <extension point="xbmc.python.pluginsource" library="plexbmc_p.py">
        <provides>video audio image</provides>
    </extension>

    <extension point="xbmc.python.script" library="plexbmc_s.py">
        <provides>executable</provides>
    </extension>

    <extension point="xbmc.addon.metadata">
        <platform>all</platform>
        <minversion>1</minversion>
        <summary lang="en">Browse and play local video, music and photo media files managed by Plex Media Server.
        </summary>
        <description lang="en">Browse and play local video, music and photo media files managed by Plex Media Server.
        </description>
    </extension>

</addon>
